,Zone,Lat,Lng
0,Bronxdale,40.8506558,-73.86652409999999
1,Eastchester,40.959560499999995,-73.8095574
2,Elmhurst,41.8994744,-87.9403418
3,North Corona,40.7502698,-73.8624893
4,Crown Heights North,35.512170000000005,-97.52914
5,Crown Heights South,40.6681032,-73.94479940000001
6,Prospect-Lefferts Gardens,40.6590448,-73.9506774
7,Prospect-Lefferts Gardens,40.6590448,-73.9506774
8,Windsor Terrace,40.6539346,-73.9756567
9,East Flatbush/Farragut,40.638525099999995,-73.9260253
10,Prospect-Lefferts Gardens,40.6590448,-73.9506774
11,Corona,33.8752935,-117.56643840000001
12,East Elmhurst,40.7737505,-73.8713099
13,North Corona,40.7502698,-73.8624893
14,Crown Heights North,35.512170000000005,-97.52914
15,Crown Heights South,40.6681032,-73.94479940000001
16,Howard Beach,40.6571222,-73.84299890000001
17,Prospect Heights,40.6774196,-73.9668408
18,Bronxdale,40.8506558,-73.86652409999999
19,Co-Op City,40.8738889,-73.8294444
20,Eastchester,40.959560499999995,-73.8095574
21,Williamsbridge/Olinville,40.8774767,-73.8664402
22,Woodlawn/Wakefield,40.895361,-73.862916
23,Jackson Heights,40.7556818,-73.88307009999998
24,Jackson Heights,40.7556818,-73.88307009999998
25,Flatbush/Ditmas Park,40.6409217,-73.96243270000001
26,Midwood,40.619062899999996,-73.9653715
27,Park Slope,40.6681038,-73.9805817
28,Prospect-Lefferts Gardens,40.6590448,-73.9506774
29,Bushwick North,40.6944282,-73.9212858
30,Ocean Hill,33.1600272,-117.2644629
31,East Elmhurst,40.7737505,-73.8713099
32,Elmhurst,41.8994744,-87.9403418
33,Sunnyside,36.732844,-119.7170466
34,Jackson Heights,40.7556818,-73.88307009999998
35,Bloomfield/Emerson Hill,42.60436370000001,-83.27561290000001
36,Port Richmond,39.9855402,-75.10372120000001
37,Saint George/New Brighton,40.6427017,-74.07994690000001
38,Astoria,40.764357399999994,-73.9234619
39,Bayside,43.1805645,-87.9006421
40,Bedford Park,41.7641723,-87.78125240000001
41,Belmont,36.132898100000006,-86.7940699
42,Boerum Hill,40.6848689,-73.98447220000001
43,Borough Park,40.6323009,-73.9888797
44,Briarwood/Jamaica Hills,40.714341,-73.802722
45,Brownsville,25.9017472,-97.4974838
46,Bushwick North,40.6944282,-73.9212858
47,Bushwick South,40.6944282,-73.9212858
48,Canarsie,40.6402325,-73.90605790000001
49,Central Harlem North,40.8142585,-73.9426617
50,Clinton East,38.7651145,-76.8983059
51,Clinton Hill,40.6893665,-73.9639021
52,Clinton West,41.487875,-81.71094699999999
53,Cobble Hill,40.686536,-73.9962255
54,Coney Island,40.5755438,-73.9707016
55,Crotona Park East,40.836637700000004,-73.89223879999999
56,Crown Heights North,35.512170000000005,-97.52914
57,Downtown Brooklyn/MetroTech,40.6931322,-73.986496
58,East Concourse/Concourse Village,40.8461819,-73.9095033
59,East Elmhurst,40.7737505,-73.8713099
60,East Flatbush/Farragut,40.638525099999995,-73.9260253
61,East Flatbush/Remsen Village,40.6468201,-73.9133089
62,East Harlem South,40.7957399,-73.9389213
63,East New York,40.656831200000006,-73.88307009999998
64,East Village,40.7264773,-73.9815337
65,East Williamsburg,40.715876200000004,-73.9330429
66,Elmhurst,41.8994744,-87.9403418
67,Flushing,40.767498700000004,-73.833079
68,Fordham South,40.8620404,-73.8856987
69,Fresh Meadows,40.7335179,-73.78014470000001
70,Gravesend,40.5910166,-73.977126
71,Greenpoint,40.7245448,-73.9418603
72,Greenwich Village South,40.7335719,-74.0027418
73,Hamilton Heights,40.8259597,-73.9496079
74,Inwood,40.867714500000005,-73.92120190000001
75,Jackson Heights,40.7556818,-73.88307009999998
76,Jamaica,18.109581,-77.297508
77,JFK Airport,40.6413111,-73.77813909999999
78,Kingsbridge Heights,40.872321899999996,-73.9006916
79,Lincoln Square West,40.7733055,-73.98145840000001
80,Lower East Side,40.715033,-73.98427240000001
81,Madison,43.07305170000001,-89.4012302
82,Marine Park/Mill Basin,40.6188928,-73.9246109
83,Morningside Heights,40.8089564,-73.96243270000001
84,Mott Haven/Port Morris,40.809106799999995,-73.9228881
85,Murray Hill-Queens,40.7665245,-73.8036752
86,Norwood,42.1943909,-71.19896949999999
87,Ozone Park,40.67940720000001,-73.85072790000001
88,Park Slope,40.6681038,-73.9805817
89,Pelham Bay Park,40.8505689,-73.8210182
90,Pelham Parkway,40.8553279,-73.8639594
91,Prospect-Lefferts Gardens,40.6590448,-73.9506774
92,Red Hook,40.677280200000006,-74.00944709999999
93,Ridgewood,40.9792645,-74.11653129999999
94,Saint George/New Brighton,40.6427017,-74.07994690000001
95,Schuylerville/Edgewater Park,40.8224661,-73.8110122
96,Sheepshead Bay,40.5975847,-73.9536163
97,South Williamsburg,40.70856920000001,-73.9701967
98,Spuyten Duyvil/Kingsbridge,40.87941970000001,-73.9074286
99,Steinway,40.780043799999994,-73.8996985
100,Stuyvesant Heights,42.3880474,-73.775696
101,Sunnyside,36.732844,-119.7170466
102,Sunset Park West,40.645532,-74.01238509999999
103,Times Sq/Theatre District,40.759011,-73.98447220000001
104,Two Bridges/Seward Park,40.7157874,-73.98920109999999
105,Union Sq,40.7358633,-73.9910835
106,University Heights/Morris Heights,40.8523957,-73.9135172
107,Upper East Side North,40.7735649,-73.9565551
108,Upper West Side North,40.7870106,-73.9753676
109,Washington Heights South,40.84170820000001,-73.9393554
110,West Chelsea/Hudson Yards,40.752559000000005,-74.002736
111,West Farms/Bronx River,40.8430609,-73.8816001
112,Williamsburg (North Side),40.7162857,-73.95838979999999
113,Williamsburg (South Side),40.71305,-73.957037
114,Alphabet City,40.725842799999995,-73.9774916
115,Astoria,40.764357399999994,-73.9234619
116,Auburndale,28.065297499999996,-81.7886906
117,Bath Beach,40.60454910000001,-74.004306
118,Battery Park City,40.7115786,-74.0158441
119,Bay Ridge,40.6261638,-74.0329499
120,Bedford,42.4906231,-71.27600890000001
121,Bedford Park,41.7641723,-87.78125240000001
122,Belmont,36.132898100000006,-86.7940699
123,Bensonhurst East,40.6112691,-73.9976946
124,Bensonhurst West,40.6112691,-73.9976946
125,Bloomingdale,41.957528499999995,-88.0809036
126,Boerum Hill,40.6848689,-73.98447220000001
127,Briarwood/Jamaica Hills,40.714341,-73.802722
128,Bronxdale,40.8506558,-73.86652409999999
129,Brooklyn Heights,40.6960105,-73.9932872
130,Brownsville,25.9017472,-97.4974838
131,Bushwick North,40.6944282,-73.9212858
132,Bushwick South,40.6944282,-73.9212858
133,Canarsie,40.6402325,-73.90605790000001
134,Carroll Gardens,40.6795331,-73.9991637
135,Central Harlem,48.5351455,-108.79122179999999
136,Central Harlem North,40.8142585,-73.9426617
137,Chinatown,37.794137799999994,-122.40779140000001
138,Clinton East,38.7651145,-76.8983059
139,Clinton Hill,40.6893665,-73.9639021
140,Clinton West,41.487875,-81.71094699999999
141,Co-Op City,40.8738889,-73.8294444
142,Cobble Hill,40.686536,-73.9962255
143,Coney Island,40.5755438,-73.9707016
144,Corona,33.8752935,-117.56643840000001
145,Crown Heights North,35.512170000000005,-97.52914
146,Crown Heights South,40.6681032,-73.94479940000001
147,Cypress Hills,40.683611799999994,-73.8801301
148,Downtown Brooklyn/MetroTech,40.6931322,-73.986496
149,DUMBO/Vinegar Hill,40.702754999999996,-73.98128840000001
150,Dyker Heights,40.6214932,-74.009584
151,East Chelsea,42.3180919,-84.02050290000001
152,East Concourse/Concourse Village,40.8461819,-73.9095033
153,East Elmhurst,40.7737505,-73.8713099
154,East Flatbush/Farragut,40.638525099999995,-73.9260253
155,East Flatbush/Remsen Village,40.6468201,-73.9133089
156,East Harlem North,40.7957399,-73.9389213
157,East Harlem South,40.7957399,-73.9389213
158,East New York,40.656831200000006,-73.88307009999998
159,East New York/Pennsylvania Avenue,40.6560923,-73.8886753
160,East Tremont,40.845378100000005,-73.8909693
161,East Village,40.7264773,-73.9815337
162,East Williamsburg,40.715876200000004,-73.9330429
163,Eastchester,40.959560499999995,-73.8095574
164,Elmhurst,41.8994744,-87.9403418
165,Elmhurst/Maspeth,40.737975,-73.8801301
166,Erasmus,35.8870112,-85.18496409999999
167,Financial District North,37.796667600000006,-122.40557709999999
168,Financial District South,37.7911452,-122.39494679999999
169,Flatbush/Ditmas Park,40.6409217,-73.96243270000001
170,Flatiron,40.741060499999996,-73.9896986
171,Flatlands,40.6268432,-73.9330429
172,Flushing,40.767498700000004,-73.833079
173,Fordham South,40.8620404,-73.8856987
174,Forest Hills,40.718106,-73.84484690000001
175,Fort Greene,40.6920638,-73.9741874
176,Fresh Meadows,40.7335179,-73.78014470000001
177,Garment District,42.3658911,-71.09293659999999
178,Gowanus,40.6733364,-73.9903489
179,Gramercy,40.7367783,-73.98447220000001
180,Gravesend,40.5910166,-73.977126
181,Greenpoint,40.7245448,-73.9418603
182,Greenwich Village North,40.7335719,-74.0027418
183,Greenwich Village South,40.7335719,-74.0027418
184,Hamilton Heights,40.8259597,-73.9496079
185,Hillcrest/Pomonok,40.721283,-73.805584
186,Hollis,42.7425166,-71.5895344
187,Hudson Sq,40.726583399999996,-74.00747309999998
188,Hunts Point,40.8120246,-73.8801301
189,Inwood,40.867714500000005,-73.92120190000001
190,Jackson Heights,40.7556818,-73.88307009999998
191,Jamaica,18.109581,-77.297508
192,JFK Airport,40.6413111,-73.77813909999999
193,Kensington,39.025665100000005,-77.07636690000001
194,Kew Gardens Hills,40.73849860000001,-73.81068540000001
195,Kingsbridge Heights,40.872321899999996,-73.9006916
196,Kips Bay,40.7423292,-73.9800645
197,LaGuardia Airport,40.7769271,-73.87396590000002
198,Lenox Hill East,40.7662315,-73.96023120000001
199,Lenox Hill West,40.7662315,-73.96023120000001
200,Lincoln Square East,41.9257597,-87.6549782
201,Lincoln Square West,40.7733055,-73.98145840000001
202,Little Italy/NoLiTa,40.7205544,-73.996656
203,Long Island City/Hunters Point,40.7480338,-73.9506774
204,Long Island City/Queens Plaza,40.7513473,-73.9410795
205,Lower East Side,40.715033,-73.98427240000001
206,Madison,43.07305170000001,-89.4012302
207,Manhattan Valley,40.796989,-73.969707
208,Manhattanville,40.816944299999996,-73.9558333
209,Mariners Harbor,41.9181579,-73.98303829999999
210,Maspeth,40.7294018,-73.9065883
211,Meatpacking/West Village West,40.7409865,-74.0076108
212,Midtown Center,42.7835541,-86.1113196
213,Midtown East,40.7540369,-73.9668408
214,Midtown North,40.7649516,-73.98510390000001
215,Midtown South,40.753823100000005,-73.9950023
216,Midwood,40.619062899999996,-73.9653715
217,Morningside Heights,40.8089564,-73.96243270000001
218,Morrisania/Melrose,40.824545,-73.9104143
219,Mott Haven/Port Morris,40.809106799999995,-73.9228881
220,Mount Hope,40.622934,-81.78613299999999
221,Murray Hill,40.7478792,-73.9756567
222,Murray Hill-Queens,40.7665245,-73.8036752
223,Norwood,42.1943909,-71.19896949999999
224,Ocean Hill,33.1600272,-117.2644629
225,Old Astoria,46.1519015,-123.8579416
226,Park Slope,40.6681038,-73.9805817
227,Parkchester,40.83825220000001,-73.85660870000001
228,Pelham Bay,40.85055560000001,-73.83333329999999
229,Penn Station/Madison Sq West,40.7483605,-73.9907657
230,Prospect-Lefferts Gardens,40.6590448,-73.9506774
231,Prospect Heights,40.6774196,-73.9668408
232,Queens Village,40.7156628,-73.7419017
233,Red Hook,40.677280200000006,-74.00944709999999
234,Rego Park,40.7255722,-73.8624893
235,Richmond Hill,40.6958108,-73.8272029
236,Ridgewood,40.9792645,-74.11653129999999
237,Riverdale/North Riverdale/Fieldston,40.898057,-73.90140179999999
238,Rosedale,33.8534421,-91.0278863
239,Saint Albans,38.3793695,-81.8191658
240,Seaport,37.9378182,-121.3141291
241,Sheepshead Bay,40.5975847,-73.9536163
242,SoHo,40.723301,-74.0029883
243,Soundview/Bruckner,40.8240844,-73.8762153
244,South Jamaica,40.680859399999996,-73.7919103
245,South Ozone Park,40.6764003,-73.81249840000001
246,Springfield Gardens South,40.6626441,-73.7683784
247,Spuyten Duyvil/Kingsbridge,40.87941970000001,-73.9074286
248,Steinway,40.780043799999994,-73.8996985
249,Stuy Town/Peter Cooper Village,40.7316903,-73.97784940000001
250,Stuyvesant Heights,42.3880474,-73.775696
251,Sunnyside,36.732844,-119.7170466
252,Sunset Park West,40.645532,-74.01238509999999
253,Sutton Place/Turtle Bay North,40.757105700000004,-73.96711020000001
254,Times Sq/Theatre District,40.759011,-73.98447220000001
255,TriBeCa/Civic Center,40.716364899999995,-74.0123498
256,Two Bridges/Seward Park,40.7157874,-73.98920109999999
257,UN/Turtle Bay South,40.7488758,-73.96800909999999
258,Union Sq,40.7358633,-73.9910835
259,University Heights/Morris Heights,40.8523957,-73.9135172
260,Upper East Side North,40.7735649,-73.9565551
261,Upper East Side South,40.7735649,-73.9565551
262,Upper West Side North,40.7870106,-73.9753676
263,Upper West Side South,40.7870106,-73.9753676
264,Van Cortlandt Park,40.8979346,-73.88595140000001
265,Van Cortlandt Village,40.8979346,-73.88595140000001
266,Van Nest/Morris Park,40.845044,-73.8598069
267,Washington Heights North,40.84170820000001,-73.9393554
268,Washington Heights South,40.84170820000001,-73.9393554
269,West Chelsea/Hudson Yards,40.752559000000005,-74.002736
270,West Concourse,28.4246526,-81.4695163
271,West Farms/Bronx River,40.8430609,-73.8816001
272,West Village,40.735781,-74.0035709
273,Westchester Village/Unionport,40.833649,-73.85679909999999
274,Whitestone,40.79204489999999,-73.8095574
275,Williamsbridge/Olinville,40.8774767,-73.8664402
276,Williamsburg (North Side),40.7162857,-73.95838979999999
277,Williamsburg (South Side),40.71305,-73.957037
278,Windsor Terrace,40.6539346,-73.9756567
279,Woodlawn/Wakefield,40.895361,-73.862916
280,Woodside,40.7512123,-73.9036487
281,World Trade Center,40.712743100000004,-74.0133795
282,Yorkville East,40.770203,-73.95072990000001
283,Yorkville West,41.641140899999996,-88.4472948
284,Chinatown,37.794137799999994,-122.40779140000001
285,Clinton East,38.7651145,-76.8983059
286,Elmhurst,41.8994744,-87.9403418
287,Garment District,42.3658911,-71.09293659999999
288,Lincoln Square East,41.9257597,-87.6549782
289,Manhattanville,40.816944299999996,-73.9558333
290,Midtown Center,42.7835541,-86.1113196
291,Midtown East,40.7540369,-73.9668408
292,Midtown North,40.7649516,-73.98510390000001
293,Old Astoria,46.1519015,-123.8579416
294,Times Sq/Theatre District,40.759011,-73.98447220000001
295,TriBeCa/Civic Center,40.716364899999995,-74.0123498
296,Union Sq,40.7358633,-73.9910835
297,Upper West Side South,40.7870106,-73.9753676
298,West Village,40.735781,-74.0035709
299,World Trade Center,40.712743100000004,-74.0133795
300,Astoria,40.764357399999994,-73.9234619
301,Battery Park City,40.7115786,-74.0158441
302,Bedford,42.4906231,-71.27600890000001
303,Bloomingdale,41.957528499999995,-88.0809036
304,Canarsie,40.6402325,-73.90605790000001
305,Central Harlem,48.5351455,-108.79122179999999
306,Central Harlem North,40.8142585,-73.9426617
307,Chinatown,37.794137799999994,-122.40779140000001
308,Clinton East,38.7651145,-76.8983059
309,Clinton Hill,40.6893665,-73.9639021
310,Clinton West,41.487875,-81.71094699999999
311,Crown Heights North,35.512170000000005,-97.52914
312,Downtown Brooklyn/MetroTech,40.6931322,-73.986496
313,East Harlem North,40.7957399,-73.9389213
314,East Harlem South,40.7957399,-73.9389213
315,East Village,40.7264773,-73.9815337
316,East Williamsburg,40.715876200000004,-73.9330429
317,Financial District North,37.796667600000006,-122.40557709999999
318,Flatiron,40.741060499999996,-73.9896986
319,Garment District,42.3658911,-71.09293659999999
320,Gramercy,40.7367783,-73.98447220000001
321,Greenpoint,40.7245448,-73.9418603
322,Greenwich Village North,40.7335719,-74.0027418
323,Greenwich Village South,40.7335719,-74.0027418
324,Highbridge,40.8384699,-73.92716440000001
325,Hillcrest/Pomonok,40.721283,-73.805584
326,JFK Airport,40.6413111,-73.77813909999999
327,Kensington,39.025665100000005,-77.07636690000001
328,Lincoln Square West,40.7733055,-73.98145840000001
329,Little Italy/NoLiTa,40.7205544,-73.996656
330,Lower East Side,40.715033,-73.98427240000001
331,Maspeth,40.7294018,-73.9065883
332,Meatpacking/West Village West,40.7409865,-74.0076108
333,Midtown Center,42.7835541,-86.1113196
334,Midtown East,40.7540369,-73.9668408
335,Midtown North,40.7649516,-73.98510390000001
336,Midtown South,40.753823100000005,-73.9950023
337,Morningside Heights,40.8089564,-73.96243270000001
338,Murray Hill,40.7478792,-73.9756567
339,Penn Station/Madison Sq West,40.7483605,-73.9907657
340,Prospect-Lefferts Gardens,40.6590448,-73.9506774
341,South Jamaica,40.680859399999996,-73.7919103
342,South Ozone Park,40.6764003,-73.81249840000001
343,Sutton Place/Turtle Bay North,40.757105700000004,-73.96711020000001
344,Times Sq/Theatre District,40.759011,-73.98447220000001
345,TriBeCa/Civic Center,40.716364899999995,-74.0123498
346,Union Sq,40.7358633,-73.9910835
347,Upper East Side North,40.7735649,-73.9565551
348,Upper East Side South,40.7735649,-73.9565551
349,West Brighton,40.627029799999995,-74.10931409999999
350,West Chelsea/Hudson Yards,40.752559000000005,-74.002736
351,West Concourse,28.4246526,-81.4695163
352,West Village,40.735781,-74.0035709
353,Williamsburg (North Side),40.7162857,-73.95838979999999
354,Williamsburg (South Side),40.71305,-73.957037
355,Woodside,40.7512123,-73.9036487
356,Yorkville East,40.770203,-73.95072990000001
357,Yorkville West,41.641140899999996,-88.4472948
358,Alphabet City,40.725842799999995,-73.9774916
359,Astoria,40.764357399999994,-73.9234619
360,Baisley Park,40.6737751,-73.786025
361,Battery Park City,40.7115786,-74.0158441
362,Bay Ridge,40.6261638,-74.0329499
363,Bedford,42.4906231,-71.27600890000001
364,Bedford Park,41.7641723,-87.78125240000001
365,Bensonhurst West,40.6112691,-73.9976946
366,Bronxdale,40.8506558,-73.86652409999999
367,Brooklyn Heights,40.6960105,-73.9932872
368,Brownsville,25.9017472,-97.4974838
369,Bushwick North,40.6944282,-73.9212858
370,Bushwick South,40.6944282,-73.9212858
371,Cambria Heights,40.692158,-73.7330753
372,Canarsie,40.6402325,-73.90605790000001
373,Central Harlem,48.5351455,-108.79122179999999
374,Central Harlem North,40.8142585,-73.9426617
375,Chinatown,37.794137799999994,-122.40779140000001
376,Clinton East,38.7651145,-76.8983059
377,Clinton Hill,40.6893665,-73.9639021
378,Clinton West,41.487875,-81.71094699999999
379,Crown Heights North,35.512170000000005,-97.52914
380,Crown Heights South,40.6681032,-73.94479940000001
381,Cypress Hills,40.683611799999994,-73.8801301
382,Downtown Brooklyn/MetroTech,40.6931322,-73.986496
383,East Chelsea,42.3180919,-84.02050290000001
384,East Concourse/Concourse Village,40.8461819,-73.9095033
385,East Elmhurst,40.7737505,-73.8713099
386,East Flatbush/Farragut,40.638525099999995,-73.9260253
387,East Flatbush/Remsen Village,40.6468201,-73.9133089
388,East Harlem North,40.7957399,-73.9389213
389,East Harlem South,40.7957399,-73.9389213
390,East New York,40.656831200000006,-73.88307009999998
391,East New York/Pennsylvania Avenue,40.6560923,-73.8886753
392,East Village,40.7264773,-73.9815337
393,East Williamsburg,40.715876200000004,-73.9330429
394,Eastchester,40.959560499999995,-73.8095574
395,Elmhurst,41.8994744,-87.9403418
396,Elmhurst/Maspeth,40.737975,-73.8801301
397,Erasmus,35.8870112,-85.18496409999999
398,Financial District North,37.796667600000006,-122.40557709999999
399,Financial District South,37.7911452,-122.39494679999999
400,Flatbush/Ditmas Park,40.6409217,-73.96243270000001
401,Flatiron,40.741060499999996,-73.9896986
402,Flatlands,40.6268432,-73.9330429
403,Forest Hills,40.718106,-73.84484690000001
404,Garment District,42.3658911,-71.09293659999999
405,Gramercy,40.7367783,-73.98447220000001
406,Gravesend,40.5910166,-73.977126
407,Greenpoint,40.7245448,-73.9418603
408,Greenwich Village North,40.7335719,-74.0027418
409,Greenwich Village South,40.7335719,-74.0027418
410,Hamilton Heights,40.8259597,-73.9496079
411,Homecrest,46.431465,-95.131433
412,Hudson Sq,40.726583399999996,-74.00747309999998
413,Inwood,40.867714500000005,-73.92120190000001
414,Jackson Heights,40.7556818,-73.88307009999998
415,Jamaica,18.109581,-77.297508
416,JFK Airport,40.6413111,-73.77813909999999
417,Kensington,39.025665100000005,-77.07636690000001
418,Kingsbridge Heights,40.872321899999996,-73.9006916
419,Kips Bay,40.7423292,-73.9800645
420,LaGuardia Airport,40.7769271,-73.87396590000002
421,Lenox Hill East,40.7662315,-73.96023120000001
422,Lenox Hill West,40.7662315,-73.96023120000001
423,Lincoln Square East,41.9257597,-87.6549782
424,Little Italy/NoLiTa,40.7205544,-73.996656
425,Lower East Side,40.715033,-73.98427240000001
426,Manhattan Beach,33.884736100000005,-118.41090890000001
427,Manhattanville,40.816944299999996,-73.9558333
428,Maspeth,40.7294018,-73.9065883
429,Meatpacking/West Village West,40.7409865,-74.0076108
430,Middle Village,40.717372,-73.87425
431,Midtown Center,42.7835541,-86.1113196
432,Midtown East,40.7540369,-73.9668408
433,Midtown North,40.7649516,-73.98510390000001
434,Midtown South,40.753823100000005,-73.9950023
435,Midwood,40.619062899999996,-73.9653715
436,Morningside Heights,40.8089564,-73.96243270000001
437,Morrisania/Melrose,40.824545,-73.9104143
438,Mott Haven/Port Morris,40.809106799999995,-73.9228881
439,Murray Hill,40.7478792,-73.9756567
440,Ocean Hill,33.1600272,-117.2644629
441,Ocean Parkway South,40.6130974,-73.9686455
442,Park Slope,40.6681038,-73.9805817
443,Parkchester,40.83825220000001,-73.85660870000001
444,Penn Station/Madison Sq West,40.7483605,-73.9907657
445,Prospect-Lefferts Gardens,40.6590448,-73.9506774
446,Prospect Heights,40.6774196,-73.9668408
447,Rego Park,40.7255722,-73.8624893
448,Ridgewood,40.9792645,-74.11653129999999
449,Riverdale/North Riverdale/Fieldston,40.898057,-73.90140179999999
450,Rosedale,33.8534421,-91.0278863
451,Sheepshead Bay,40.5975847,-73.9536163
452,SoHo,40.723301,-74.0029883
453,South Williamsburg,40.70856920000001,-73.9701967
454,Spuyten Duyvil/Kingsbridge,40.87941970000001,-73.9074286
455,Steinway,40.780043799999994,-73.8996985
456,Stuy Town/Peter Cooper Village,40.7316903,-73.97784940000001
457,Stuyvesant Heights,42.3880474,-73.775696
458,Sunnyside,36.732844,-119.7170466
459,Sunset Park East,40.645532,-74.01238509999999
460,Sunset Park West,40.645532,-74.01238509999999
461,Sutton Place/Turtle Bay North,40.757105700000004,-73.96711020000001
462,Times Sq/Theatre District,40.759011,-73.98447220000001
463,TriBeCa/Civic Center,40.716364899999995,-74.0123498
464,Two Bridges/Seward Park,40.7157874,-73.98920109999999
465,UN/Turtle Bay South,40.7488758,-73.96800909999999
466,Union Sq,40.7358633,-73.9910835
467,University Heights/Morris Heights,40.8523957,-73.9135172
468,Upper East Side North,40.7735649,-73.9565551
469,Upper East Side South,40.7735649,-73.9565551
470,Upper West Side North,40.7870106,-73.9753676
471,Upper West Side South,40.7870106,-73.9753676
472,Van Cortlandt Park,40.8979346,-73.88595140000001
473,Washington Heights North,40.84170820000001,-73.9393554
474,West Chelsea/Hudson Yards,40.752559000000005,-74.002736
475,West Village,40.735781,-74.0035709
476,Williamsburg (North Side),40.7162857,-73.95838979999999
477,Williamsburg (South Side),40.71305,-73.957037
478,Woodside,40.7512123,-73.9036487
479,World Trade Center,40.712743100000004,-74.0133795
480,Yorkville East,40.770203,-73.95072990000001
481,Yorkville West,41.641140899999996,-88.4472948
482,West Brighton,40.627029799999995,-74.10931409999999
483,Alphabet City,40.725842799999995,-73.9774916
484,Baisley Park,40.6737751,-73.786025
485,Bath Beach,40.60454910000001,-74.004306
486,Battery Park City,40.7115786,-74.0158441
487,Bay Ridge,40.6261638,-74.0329499
488,Bedford,42.4906231,-71.27600890000001
489,Bedford Park,41.7641723,-87.78125240000001
490,Bellerose,40.72437070000001,-73.7154014
491,Belmont,36.132898100000006,-86.7940699
492,Bensonhurst East,40.6112691,-73.9976946
493,Bensonhurst West,40.6112691,-73.9976946
494,Boerum Hill,40.6848689,-73.98447220000001
495,Borough Park,40.6323009,-73.9888797
496,Briarwood/Jamaica Hills,40.714341,-73.802722
497,Brighton Beach,40.578070600000004,-73.9596565
498,Bronxdale,40.8506558,-73.86652409999999
499,Brooklyn Heights,40.6960105,-73.9932872
500,Brooklyn Navy Yard,40.7020737,-73.9708292
501,Brownsville,25.9017472,-97.4974838
502,Bushwick North,40.6944282,-73.9212858
503,Bushwick South,40.6944282,-73.9212858
504,Canarsie,40.6402325,-73.90605790000001
505,Carroll Gardens,40.6795331,-73.9991637
506,Central Harlem,48.5351455,-108.79122179999999
507,Central Harlem North,40.8142585,-73.9426617
508,Chinatown,37.794137799999994,-122.40779140000001
509,Claremont/Bathgate,40.841283399999995,-73.9001573
510,Clinton East,38.7651145,-76.8983059
511,Clinton Hill,40.6893665,-73.9639021
512,Co-Op City,40.8738889,-73.8294444
513,Corona,33.8752935,-117.56643840000001
514,Crown Heights North,35.512170000000005,-97.52914
515,Crown Heights South,40.6681032,-73.94479940000001
516,Downtown Brooklyn/MetroTech,40.6931322,-73.986496
517,DUMBO/Vinegar Hill,40.702754999999996,-73.98128840000001
518,East Chelsea,42.3180919,-84.02050290000001
519,East Flatbush/Farragut,40.638525099999995,-73.9260253
520,East Flatbush/Remsen Village,40.6468201,-73.9133089
521,East Flushing,40.7525589,-73.8095574
522,East Harlem North,40.7957399,-73.9389213
523,East Harlem South,40.7957399,-73.9389213
524,East New York,40.656831200000006,-73.88307009999998
525,East New York/Pennsylvania Avenue,40.6560923,-73.8886753
526,East Village,40.7264773,-73.9815337
527,East Williamsburg,40.715876200000004,-73.9330429
528,Eastchester,40.959560499999995,-73.8095574
529,Elmhurst,41.8994744,-87.9403418
530,Financial District North,37.796667600000006,-122.40557709999999
531,Financial District South,37.7911452,-122.39494679999999
532,Flatbush/Ditmas Park,40.6409217,-73.96243270000001
533,Flatiron,40.741060499999996,-73.9896986
534,Flatlands,40.6268432,-73.9330429
535,Flushing,40.767498700000004,-73.833079
536,Forest Hills,40.718106,-73.84484690000001
537,Fort Greene,40.6920638,-73.9741874
538,Garment District,42.3658911,-71.09293659999999
539,Glen Oaks,41.8924364,-85.4968205
540,Glendale,34.1425078,-118.255075
541,Gowanus,40.6733364,-73.9903489
542,Gramercy,40.7367783,-73.98447220000001
543,Greenpoint,40.7245448,-73.9418603
544,Greenwich Village North,40.7335719,-74.0027418
545,Greenwich Village South,40.7335719,-74.0027418
546,Hamilton Heights,40.8259597,-73.9496079
547,Howard Beach,40.6571222,-73.84299890000001
548,Hudson Sq,40.726583399999996,-74.00747309999998
549,Hunts Point,40.8120246,-73.8801301
550,Inwood,40.867714500000005,-73.92120190000001
551,Jackson Heights,40.7556818,-73.88307009999998
552,Jamaica,18.109581,-77.297508
553,JFK Airport,40.6413111,-73.77813909999999
554,Kensington,39.025665100000005,-77.07636690000001
555,Kew Gardens Hills,40.73849860000001,-73.81068540000001
556,Kingsbridge Heights,40.872321899999996,-73.9006916
557,Kips Bay,40.7423292,-73.9800645
558,LaGuardia Airport,40.7769271,-73.87396590000002
559,Laurelton,40.674086100000004,-73.7448437
560,Lenox Hill West,40.7662315,-73.96023120000001
561,Lincoln Square East,41.9257597,-87.6549782
562,Little Italy/NoLiTa,40.7205544,-73.996656
563,Long Island City/Hunters Point,40.7480338,-73.9506774
564,Long Island City/Queens Plaza,40.7513473,-73.9410795
565,Longwood,28.7030519,-81.3384011
566,Lower East Side,40.715033,-73.98427240000001
567,Manhattan Valley,40.796989,-73.969707
568,Manhattanville,40.816944299999996,-73.9558333
569,Marine Park/Mill Basin,40.6188928,-73.9246109
570,Maspeth,40.7294018,-73.9065883
571,Meatpacking/West Village West,40.7409865,-74.0076108
572,Melrose South,-32.8087635,138.1893045
573,Middle Village,40.717372,-73.87425
574,Midtown Center,42.7835541,-86.1113196
575,Midtown East,40.7540369,-73.9668408
576,Midtown North,40.7649516,-73.98510390000001
577,Midtown South,40.753823100000005,-73.9950023
578,Morningside Heights,40.8089564,-73.96243270000001
579,Mott Haven/Port Morris,40.809106799999995,-73.9228881
580,Mount Hope,40.622934,-81.78613299999999
581,Murray Hill,40.7478792,-73.9756567
582,Murray Hill-Queens,40.7665245,-73.8036752
583,Ocean Hill,33.1600272,-117.2644629
584,Park Slope,40.6681038,-73.9805817
585,Parkchester,40.83825220000001,-73.85660870000001
586,Penn Station/Madison Sq West,40.7483605,-73.9907657
587,Prospect-Lefferts Gardens,40.6590448,-73.9506774
588,Prospect Heights,40.6774196,-73.9668408
589,Queensboro Hill,40.767498700000004,-73.833079
590,Saint Albans,38.3793695,-81.8191658
591,Schuylerville/Edgewater Park,40.8224661,-73.8110122
592,Seaport,37.9378182,-121.3141291
593,SoHo,40.723301,-74.0029883
594,Soundview/Castle Hill,40.8271028,-73.84989250000001
595,South Jamaica,40.680859399999996,-73.7919103
596,Springfield Gardens North,40.6626441,-73.7683784
597,Springfield Gardens South,40.6626441,-73.7683784
598,Steinway,40.780043799999994,-73.8996985
599,Stuy Town/Peter Cooper Village,40.7316903,-73.97784940000001
600,Stuyvesant Heights,42.3880474,-73.775696
601,Sunset Park East,40.645532,-74.01238509999999
602,Sunset Park West,40.645532,-74.01238509999999
603,Sutton Place/Turtle Bay North,40.757105700000004,-73.96711020000001
604,Times Sq/Theatre District,40.759011,-73.98447220000001
605,TriBeCa/Civic Center,40.716364899999995,-74.0123498
606,Two Bridges/Seward Park,40.7157874,-73.98920109999999
607,UN/Turtle Bay South,40.7488758,-73.96800909999999
608,Union Sq,40.7358633,-73.9910835
609,University Heights/Morris Heights,40.8523957,-73.9135172
610,Upper East Side South,40.7735649,-73.9565551
611,Upper West Side North,40.7870106,-73.9753676
612,Upper West Side South,40.7870106,-73.9753676
613,Van Cortlandt Village,40.8979346,-73.88595140000001
614,Washington Heights North,40.84170820000001,-73.9393554
615,Washington Heights South,40.84170820000001,-73.9393554
616,West Chelsea/Hudson Yards,40.752559000000005,-74.002736
617,West Concourse,28.4246526,-81.4695163
618,West Village,40.735781,-74.0035709
619,Westchester Village/Unionport,40.833649,-73.85679909999999
620,Westerleigh,40.621215,-74.13180940000001
621,Williamsburg (North Side),40.7162857,-73.95838979999999
622,Williamsburg (South Side),40.71305,-73.957037
623,Windsor Terrace,40.6539346,-73.9756567
624,Woodside,40.7512123,-73.9036487
625,World Trade Center,40.712743100000004,-74.0133795
626,Yorkville West,41.641140899999996,-88.4472948
627,Bellerose,40.72437070000001,-73.7154014
628,Bensonhurst West,40.6112691,-73.9976946
629,Brooklyn Heights,40.6960105,-73.9932872
630,Bushwick North,40.6944282,-73.9212858
631,Bushwick South,40.6944282,-73.9212858
632,Canarsie,40.6402325,-73.90605790000001
633,Central Harlem North,40.8142585,-73.9426617
634,Central Park,40.782864700000005,-73.9653551
635,Charleston/Tottenville,40.5281967,-74.2355404
636,Claremont/Bathgate,40.841283399999995,-73.9001573
637,Clinton East,38.7651145,-76.8983059
638,Clinton Hill,40.6893665,-73.9639021
639,Clinton West,41.487875,-81.71094699999999
640,East Chelsea,42.3180919,-84.02050290000001
641,East New York,40.656831200000006,-73.88307009999998
642,East Village,40.7264773,-73.9815337
643,East Williamsburg,40.715876200000004,-73.9330429
644,Erasmus,35.8870112,-85.18496409999999
645,Financial District North,37.796667600000006,-122.40557709999999
646,Garment District,42.3658911,-71.09293659999999
647,Inwood,40.867714500000005,-73.92120190000001
648,JFK Airport,40.6413111,-73.77813909999999
649,Long Island City/Hunters Point,40.7480338,-73.9506774
650,Lower East Side,40.715033,-73.98427240000001
651,Midtown Center,42.7835541,-86.1113196
652,Midtown East,40.7540369,-73.9668408
653,Midtown North,40.7649516,-73.98510390000001
654,Midtown South,40.753823100000005,-73.9950023
655,Norwood,42.1943909,-71.19896949999999
656,Ridgewood,40.9792645,-74.11653129999999
657,Riverdale/North Riverdale/Fieldston,40.898057,-73.90140179999999
658,SoHo,40.723301,-74.0029883
659,Stuy Town/Peter Cooper Village,40.7316903,-73.97784940000001
660,Stuyvesant Heights,42.3880474,-73.775696
661,Sunset Park West,40.645532,-74.01238509999999
662,Sutton Place/Turtle Bay North,40.757105700000004,-73.96711020000001
663,Times Sq/Theatre District,40.759011,-73.98447220000001
664,TriBeCa/Civic Center,40.716364899999995,-74.0123498
665,Union Sq,40.7358633,-73.9910835
666,Upper East Side South,40.7735649,-73.9565551
667,Upper West Side South,40.7870106,-73.9753676
668,Washington Heights North,40.84170820000001,-73.9393554
669,West Chelsea/Hudson Yards,40.752559000000005,-74.002736
670,West Concourse,28.4246526,-81.4695163
671,West Farms/Bronx River,40.8430609,-73.8816001
672,West Village,40.735781,-74.0035709
673,Williamsburg (North Side),40.7162857,-73.95838979999999
674,Williamsburg (South Side),40.71305,-73.957037
675,Yorkville West,41.641140899999996,-88.4472948
676,Central Harlem,48.5351455,-108.79122179999999
677,Clinton East,38.7651145,-76.8983059
678,East Chelsea,42.3180919,-84.02050290000001
679,East Harlem North,40.7957399,-73.9389213
680,East Harlem South,40.7957399,-73.9389213
681,East Village,40.7264773,-73.9815337
682,Financial District North,37.796667600000006,-122.40557709999999
683,Gramercy,40.7367783,-73.98447220000001
684,Greenpoint,40.7245448,-73.9418603
685,JFK Airport,40.6413111,-73.77813909999999
686,Kips Bay,40.7423292,-73.9800645
687,Lenox Hill East,40.7662315,-73.96023120000001
688,Lenox Hill West,40.7662315,-73.96023120000001
689,Little Italy/NoLiTa,40.7205544,-73.996656
690,Lower East Side,40.715033,-73.98427240000001
691,Manhattan Valley,40.796989,-73.969707
692,Meatpacking/West Village West,40.7409865,-74.0076108
693,Midtown Center,42.7835541,-86.1113196
694,Midtown East,40.7540369,-73.9668408
695,Murray Hill,40.7478792,-73.9756567
696,Penn Station/Madison Sq West,40.7483605,-73.9907657
697,Times Sq/Theatre District,40.759011,-73.98447220000001
698,TriBeCa/Civic Center,40.716364899999995,-74.0123498
699,Union Sq,40.7358633,-73.9910835
700,Upper East Side North,40.7735649,-73.9565551
701,Upper East Side South,40.7735649,-73.9565551
702,Upper West Side South,40.7870106,-73.9753676
703,West Chelsea/Hudson Yards,40.752559000000005,-74.002736
704,West Village,40.735781,-74.0035709
705,Williamsburg (South Side),40.71305,-73.957037
706,Yorkville East,40.770203,-73.95072990000001
707,Yorkville West,41.641140899999996,-88.4472948
708,Flatbush/Ditmas Park,40.6409217,-73.96243270000001
709,Midwood,40.619062899999996,-73.9653715
710,Park Slope,40.6681038,-73.9805817
711,Prospect-Lefferts Gardens,40.6590448,-73.9506774
712,Astoria,40.764357399999994,-73.9234619
713,Bath Beach,40.60454910000001,-74.004306
714,Battery Park City,40.7115786,-74.0158441
715,Bay Ridge,40.6261638,-74.0329499
716,Bedford,42.4906231,-71.27600890000001
717,Bensonhurst East,40.6112691,-73.9976946
718,Bensonhurst West,40.6112691,-73.9976946
719,Bloomfield/Emerson Hill,42.60436370000001,-83.27561290000001
720,Brownsville,25.9017472,-97.4974838
721,Bushwick North,40.6944282,-73.9212858
722,Bushwick South,40.6944282,-73.9212858
723,Canarsie,40.6402325,-73.90605790000001
724,Central Harlem North,40.8142585,-73.9426617
725,Clinton East,38.7651145,-76.8983059
726,Clinton West,41.487875,-81.71094699999999
727,College Point,40.786395,-73.8389657
728,Country Club,37.6771779,-95.49220090000001
729,Crown Heights North,35.512170000000005,-97.52914
730,Crown Heights South,40.6681032,-73.94479940000001
731,Downtown Brooklyn/MetroTech,40.6931322,-73.986496
732,DUMBO/Vinegar Hill,40.702754999999996,-73.98128840000001
733,Dyker Heights,40.6214932,-74.009584
734,East Chelsea,42.3180919,-84.02050290000001
735,East Concourse/Concourse Village,40.8461819,-73.9095033
736,East Flatbush/Remsen Village,40.6468201,-73.9133089
737,East Harlem North,40.7957399,-73.9389213
738,East Harlem South,40.7957399,-73.9389213
739,East New York,40.656831200000006,-73.88307009999998
740,East Village,40.7264773,-73.9815337
741,East Williamsburg,40.715876200000004,-73.9330429
742,Elmhurst/Maspeth,40.737975,-73.8801301
743,Financial District North,37.796667600000006,-122.40557709999999
744,Flatbush/Ditmas Park,40.6409217,-73.96243270000001
745,Flatiron,40.741060499999996,-73.9896986
746,Flatlands,40.6268432,-73.9330429
747,Garment District,42.3658911,-71.09293659999999
748,Greenpoint,40.7245448,-73.9418603
749,Greenwich Village North,40.7335719,-74.0027418
750,Greenwich Village South,40.7335719,-74.0027418
751,Hollis,42.7425166,-71.5895344
752,Hunts Point,40.8120246,-73.8801301
753,Jackson Heights,40.7556818,-73.88307009999998
754,Jamaica,18.109581,-77.297508
755,JFK Airport,40.6413111,-73.77813909999999
756,Kew Gardens Hills,40.73849860000001,-73.81068540000001
757,Kips Bay,40.7423292,-73.9800645
758,Lenox Hill West,40.7662315,-73.96023120000001
759,Lincoln Square East,41.9257597,-87.6549782
760,Little Italy/NoLiTa,40.7205544,-73.996656
761,Lower East Side,40.715033,-73.98427240000001
762,Midtown Center,42.7835541,-86.1113196
763,Midtown East,40.7540369,-73.9668408
764,Midtown North,40.7649516,-73.98510390000001
765,Midtown South,40.753823100000005,-73.9950023
766,Midwood,40.619062899999996,-73.9653715
767,Mott Haven/Port Morris,40.809106799999995,-73.9228881
768,Murray Hill,40.7478792,-73.9756567
769,Ocean Hill,33.1600272,-117.2644629
770,Old Astoria,46.1519015,-123.8579416
771,Park Slope,40.6681038,-73.9805817
772,Penn Station/Madison Sq West,40.7483605,-73.9907657
773,Queens Village,40.7156628,-73.7419017
774,Rego Park,40.7255722,-73.8624893
775,Ridgewood,40.9792645,-74.11653129999999
776,Saint Albans,38.3793695,-81.8191658
777,Sheepshead Bay,40.5975847,-73.9536163
778,SoHo,40.723301,-74.0029883
779,Spuyten Duyvil/Kingsbridge,40.87941970000001,-73.9074286
780,Steinway,40.780043799999994,-73.8996985
781,Stuyvesant Heights,42.3880474,-73.775696
782,Sunnyside,36.732844,-119.7170466
783,Sutton Place/Turtle Bay North,40.757105700000004,-73.96711020000001
784,Times Sq/Theatre District,40.759011,-73.98447220000001
785,TriBeCa/Civic Center,40.716364899999995,-74.0123498
786,UN/Turtle Bay South,40.7488758,-73.96800909999999
787,Union Sq,40.7358633,-73.9910835
788,Upper East Side North,40.7735649,-73.9565551
789,Upper East Side South,40.7735649,-73.9565551
790,Upper West Side South,40.7870106,-73.9753676
791,Van Cortlandt Park,40.8979346,-73.88595140000001
792,Van Cortlandt Village,40.8979346,-73.88595140000001
793,Van Nest/Morris Park,40.845044,-73.8598069
794,Washington Heights South,40.84170820000001,-73.9393554
795,West Chelsea/Hudson Yards,40.752559000000005,-74.002736
796,West Village,40.735781,-74.0035709
797,Williamsbridge/Olinville,40.8774767,-73.8664402
798,Williamsburg (North Side),40.7162857,-73.95838979999999
799,Williamsburg (South Side),40.71305,-73.957037
800,Woodside,40.7512123,-73.9036487
801,World Trade Center,40.712743100000004,-74.0133795
802,Yorkville West,41.641140899999996,-88.4472948
803,Alphabet City,40.725842799999995,-73.9774916
804,Battery Park City,40.7115786,-74.0158441
805,Bedford,42.4906231,-71.27600890000001
806,Boerum Hill,40.6848689,-73.98447220000001
807,Brooklyn Heights,40.6960105,-73.9932872
808,Brownsville,25.9017472,-97.4974838
809,Bushwick North,40.6944282,-73.9212858
810,Bushwick South,40.6944282,-73.9212858
811,Canarsie,40.6402325,-73.90605790000001
812,Central Harlem,48.5351455,-108.79122179999999
813,Central Harlem North,40.8142585,-73.9426617
814,Chinatown,37.794137799999994,-122.40779140000001
815,Clinton East,38.7651145,-76.8983059
816,Clinton West,41.487875,-81.71094699999999
817,Crotona Park East,40.836637700000004,-73.89223879999999
818,Cypress Hills,40.683611799999994,-73.8801301
819,DUMBO/Vinegar Hill,40.702754999999996,-73.98128840000001
820,East Chelsea,42.3180919,-84.02050290000001
821,East Flatbush/Farragut,40.638525099999995,-73.9260253
822,East Harlem North,40.7957399,-73.9389213
823,East New York,40.656831200000006,-73.88307009999998
824,East Village,40.7264773,-73.9815337
825,East Williamsburg,40.715876200000004,-73.9330429
826,Erasmus,35.8870112,-85.18496409999999
827,Financial District North,37.796667600000006,-122.40557709999999
828,Financial District South,37.7911452,-122.39494679999999
829,Flatbush/Ditmas Park,40.6409217,-73.96243270000001
830,Flatiron,40.741060499999996,-73.9896986
831,Fordham South,40.8620404,-73.8856987
832,Fort Greene,40.6920638,-73.9741874
833,Garment District,42.3658911,-71.09293659999999
834,Greenwich Village North,40.7335719,-74.0027418
835,Greenwich Village South,40.7335719,-74.0027418
836,Highbridge,40.8384699,-73.92716440000001
837,Inwood,40.867714500000005,-73.92120190000001
838,Jamaica,18.109581,-77.297508
839,JFK Airport,40.6413111,-73.77813909999999
840,Kips Bay,40.7423292,-73.9800645
841,Lenox Hill West,40.7662315,-73.96023120000001
842,Lincoln Square East,41.9257597,-87.6549782
843,Lincoln Square West,40.7733055,-73.98145840000001
844,Little Italy/NoLiTa,40.7205544,-73.996656
845,Long Island City/Hunters Point,40.7480338,-73.9506774
846,Lower East Side,40.715033,-73.98427240000001
847,Meatpacking/West Village West,40.7409865,-74.0076108
848,Melrose South,-32.8087635,138.1893045
849,Midtown Center,42.7835541,-86.1113196
850,Midtown East,40.7540369,-73.9668408
851,Midtown North,40.7649516,-73.98510390000001
852,Midtown South,40.753823100000005,-73.9950023
853,Morningside Heights,40.8089564,-73.96243270000001
854,Murray Hill,40.7478792,-73.9756567
855,Murray Hill-Queens,40.7665245,-73.8036752
856,Ocean Hill,33.1600272,-117.2644629
857,Ocean Parkway South,40.6130974,-73.9686455
858,Park Slope,40.6681038,-73.9805817
859,Penn Station/Madison Sq West,40.7483605,-73.9907657
860,Prospect Heights,40.6774196,-73.9668408
861,SoHo,40.723301,-74.0029883
862,Soundview/Castle Hill,40.8271028,-73.84989250000001
863,South Jamaica,40.680859399999996,-73.7919103
864,Stuyvesant Heights,42.3880474,-73.775696
865,Sunnyside,36.732844,-119.7170466
866,Sutton Place/Turtle Bay North,40.757105700000004,-73.96711020000001
867,Times Sq/Theatre District,40.759011,-73.98447220000001
868,TriBeCa/Civic Center,40.716364899999995,-74.0123498
869,UN/Turtle Bay South,40.7488758,-73.96800909999999
870,Union Sq,40.7358633,-73.9910835
871,Upper East Side South,40.7735649,-73.9565551
872,Upper West Side South,40.7870106,-73.9753676
873,Washington Heights North,40.84170820000001,-73.9393554
874,West Chelsea/Hudson Yards,40.752559000000005,-74.002736
875,West Concourse,28.4246526,-81.4695163
876,West Village,40.735781,-74.0035709
877,Williamsburg (North Side),40.7162857,-73.95838979999999
878,Williamsburg (South Side),40.71305,-73.957037
879,Windsor Terrace,40.6539346,-73.9756567
880,Woodlawn/Wakefield,40.895361,-73.862916
881,Woodside,40.7512123,-73.9036487
882,Astoria,40.764357399999994,-73.9234619
883,Bath Beach,40.60454910000001,-74.004306
884,Battery Park City,40.7115786,-74.0158441
885,Bedford,42.4906231,-71.27600890000001
886,Brighton Beach,40.578070600000004,-73.9596565
887,Brownsville,25.9017472,-97.4974838
888,Bushwick North,40.6944282,-73.9212858
889,Bushwick South,40.6944282,-73.9212858
890,Chinatown,37.794137799999994,-122.40779140000001
891,Clinton East,38.7651145,-76.8983059
892,East Flatbush/Farragut,40.638525099999995,-73.9260253
893,East Harlem North,40.7957399,-73.9389213
894,East Village,40.7264773,-73.9815337
895,East Williamsburg,40.715876200000004,-73.9330429
896,Elmhurst/Maspeth,40.737975,-73.8801301
897,Flatiron,40.741060499999996,-73.9896986
898,Flatlands,40.6268432,-73.9330429
899,Forest Hills,40.718106,-73.84484690000001
900,Fort Greene,40.6920638,-73.9741874
901,Garment District,42.3658911,-71.09293659999999
902,Greenpoint,40.7245448,-73.9418603
903,Greenwich Village South,40.7335719,-74.0027418
904,Hamilton Heights,40.8259597,-73.9496079
905,JFK Airport,40.6413111,-73.77813909999999
906,LaGuardia Airport,40.7769271,-73.87396590000002
907,Madison,43.07305170000001,-89.4012302
908,Marine Park/Mill Basin,40.6188928,-73.9246109
909,Midtown Center,42.7835541,-86.1113196
910,Midtown East,40.7540369,-73.9668408
911,Midtown North,40.7649516,-73.98510390000001
912,Midtown South,40.753823100000005,-73.9950023
913,Midwood,40.619062899999996,-73.9653715
914,Mott Haven/Port Morris,40.809106799999995,-73.9228881
915,Murray Hill,40.7478792,-73.9756567
916,Park Slope,40.6681038,-73.9805817
917,Richmond Hill,40.6958108,-73.8272029
918,Ridgewood,40.9792645,-74.11653129999999
919,Saint Albans,38.3793695,-81.8191658
920,South Ozone Park,40.6764003,-73.81249840000001
921,Steinway,40.780043799999994,-73.8996985
922,Times Sq/Theatre District,40.759011,-73.98447220000001
923,TriBeCa/Civic Center,40.716364899999995,-74.0123498
924,Union Sq,40.7358633,-73.9910835
925,Upper East Side South,40.7735649,-73.9565551
926,Upper West Side North,40.7870106,-73.9753676
927,Van Cortlandt Village,40.8979346,-73.88595140000001
928,Washington Heights North,40.84170820000001,-73.9393554
929,West Chelsea/Hudson Yards,40.752559000000005,-74.002736
930,West Village,40.735781,-74.0035709
931,Williamsburg (North Side),40.7162857,-73.95838979999999
932,Williamsburg (South Side),40.71305,-73.957037
933,Woodside,40.7512123,-73.9036487
934,Astoria,40.764357399999994,-73.9234619
935,Battery Park City,40.7115786,-74.0158441
936,Bay Ridge,40.6261638,-74.0329499
937,Bedford,42.4906231,-71.27600890000001
938,Boerum Hill,40.6848689,-73.98447220000001
939,Brownsville,25.9017472,-97.4974838
940,Bushwick South,40.6944282,-73.9212858
941,Canarsie,40.6402325,-73.90605790000001
942,Central Harlem,48.5351455,-108.79122179999999
943,Clinton East,38.7651145,-76.8983059
944,Co-Op City,40.8738889,-73.8294444
945,Crown Heights North,35.512170000000005,-97.52914
946,Crown Heights South,40.6681032,-73.94479940000001
947,Downtown Brooklyn/MetroTech,40.6931322,-73.986496
948,East Flatbush/Farragut,40.638525099999995,-73.9260253
949,East Village,40.7264773,-73.9815337
950,East Williamsburg,40.715876200000004,-73.9330429
951,Financial District North,37.796667600000006,-122.40557709999999
952,Financial District South,37.7911452,-122.39494679999999
953,Flatiron,40.741060499999996,-73.9896986
954,Forest Hills,40.718106,-73.84484690000001
955,Fort Greene,40.6920638,-73.9741874
956,Gramercy,40.7367783,-73.98447220000001
957,Greenwich Village North,40.7335719,-74.0027418
958,Greenwich Village South,40.7335719,-74.0027418
959,Inwood,40.867714500000005,-73.92120190000001
960,JFK Airport,40.6413111,-73.77813909999999
961,Kips Bay,40.7423292,-73.9800645
962,Lenox Hill East,40.7662315,-73.96023120000001
963,Lower East Side,40.715033,-73.98427240000001
964,Meatpacking/West Village West,40.7409865,-74.0076108
965,Midtown Center,42.7835541,-86.1113196
966,Midtown South,40.753823100000005,-73.9950023
967,Midwood,40.619062899999996,-73.9653715
968,Ocean Parkway South,40.6130974,-73.9686455
969,Prospect-Lefferts Gardens,40.6590448,-73.9506774
970,Prospect Heights,40.6774196,-73.9668408
971,Ridgewood,40.9792645,-74.11653129999999
972,Seaport,37.9378182,-121.3141291
973,SoHo,40.723301,-74.0029883
974,Steinway,40.780043799999994,-73.8996985
975,Sunnyside,36.732844,-119.7170466
976,Sunset Park East,40.645532,-74.01238509999999
977,Sunset Park West,40.645532,-74.01238509999999
978,Times Sq/Theatre District,40.759011,-73.98447220000001
979,Union Sq,40.7358633,-73.9910835
980,Upper East Side South,40.7735649,-73.9565551
981,Upper West Side South,40.7870106,-73.9753676
982,Washington Heights North,40.84170820000001,-73.9393554
983,West Chelsea/Hudson Yards,40.752559000000005,-74.002736
984,West Village,40.735781,-74.0035709
985,Williamsburg (North Side),40.7162857,-73.95838979999999
986,World Trade Center,40.712743100000004,-74.0133795
987,Astoria,40.764357399999994,-73.9234619
988,Bedford,42.4906231,-71.27600890000001
989,Borough Park,40.6323009,-73.9888797
990,Briarwood/Jamaica Hills,40.714341,-73.802722
991,Brooklyn Navy Yard,40.7020737,-73.9708292
992,Brownsville,25.9017472,-97.4974838
993,Bushwick South,40.6944282,-73.9212858
994,Central Harlem,48.5351455,-108.79122179999999
995,Central Harlem North,40.8142585,-73.9426617
996,Chinatown,37.794137799999994,-122.40779140000001
997,Clinton East,38.7651145,-76.8983059
998,Clinton Hill,40.6893665,-73.9639021
999,Corona,33.8752935,-117.56643840000001
1000,Crown Heights North,35.512170000000005,-97.52914
1001,Downtown Brooklyn/MetroTech,40.6931322,-73.986496
1002,East Concourse/Concourse Village,40.8461819,-73.9095033
1003,East Flatbush/Remsen Village,40.6468201,-73.9133089
1004,East New York,40.656831200000006,-73.88307009999998
1005,East Village,40.7264773,-73.9815337
1006,East Williamsburg,40.715876200000004,-73.9330429
1007,Financial District North,37.796667600000006,-122.40557709999999
1008,Flatbush/Ditmas Park,40.6409217,-73.96243270000001
1009,Flatiron,40.741060499999996,-73.9896986
1010,Forest Hills,40.718106,-73.84484690000001
1011,Fort Greene,40.6920638,-73.9741874
1012,Fresh Meadows,40.7335179,-73.78014470000001
1013,Garment District,42.3658911,-71.09293659999999
1014,Glendale,34.1425078,-118.255075
1015,Greenwich Village South,40.7335719,-74.0027418
1016,Hamilton Heights,40.8259597,-73.9496079
1017,Hillcrest/Pomonok,40.721283,-73.805584
1018,Jamaica,18.109581,-77.297508
1019,Jamaica Estates,40.7178539,-73.77426159999999
1020,JFK Airport,40.6413111,-73.77813909999999
1021,Kensington,39.025665100000005,-77.07636690000001
1022,Kips Bay,40.7423292,-73.9800645
1023,Lenox Hill East,40.7662315,-73.96023120000001
1024,Lenox Hill West,40.7662315,-73.96023120000001
1025,Lincoln Square East,41.9257597,-87.6549782
1026,Little Italy/NoLiTa,40.7205544,-73.996656
1027,Lower East Side,40.715033,-73.98427240000001
1028,Manhattan Beach,33.884736100000005,-118.41090890000001
1029,Midtown Center,42.7835541,-86.1113196
1030,Midtown East,40.7540369,-73.9668408
1031,Midtown South,40.753823100000005,-73.9950023
1032,Morningside Heights,40.8089564,-73.96243270000001
1033,Murray Hill,40.7478792,-73.9756567
1034,Park Slope,40.6681038,-73.9805817
1035,Prospect-Lefferts Gardens,40.6590448,-73.9506774
1036,Ridgewood,40.9792645,-74.11653129999999
1037,Schuylerville/Edgewater Park,40.8224661,-73.8110122
1038,SoHo,40.723301,-74.0029883
1039,South Williamsburg,40.70856920000001,-73.9701967
1040,Stuyvesant Heights,42.3880474,-73.775696
1041,Sunnyside,36.732844,-119.7170466
1042,Sunset Park East,40.645532,-74.01238509999999
1043,Sutton Place/Turtle Bay North,40.757105700000004,-73.96711020000001
1044,Times Sq/Theatre District,40.759011,-73.98447220000001
1045,TriBeCa/Civic Center,40.716364899999995,-74.0123498
1046,UN/Turtle Bay South,40.7488758,-73.96800909999999
1047,Union Sq,40.7358633,-73.9910835
1048,Upper East Side South,40.7735649,-73.9565551
1049,Upper West Side South,40.7870106,-73.9753676
1050,Washington Heights North,40.84170820000001,-73.9393554
1051,West Chelsea/Hudson Yards,40.752559000000005,-74.002736
1052,West Village,40.735781,-74.0035709
1053,Westchester Village/Unionport,40.833649,-73.85679909999999
1054,Williamsburg (North Side),40.7162857,-73.95838979999999
1055,Williamsburg (South Side),40.71305,-73.957037
1056,Windsor Terrace,40.6539346,-73.9756567
1057,Yorkville West,41.641140899999996,-88.4472948
1058,Astoria,40.764357399999994,-73.9234619
1059,Baisley Park,40.6737751,-73.786025
1060,Bay Ridge,40.6261638,-74.0329499
1061,Bayside,43.1805645,-87.9006421
1062,Bedford Park,41.7641723,-87.78125240000001
1063,Bensonhurst East,40.6112691,-73.9976946
1064,Boerum Hill,40.6848689,-73.98447220000001
1065,Bushwick South,40.6944282,-73.9212858
1066,Cambria Heights,40.692158,-73.7330753
1067,Canarsie,40.6402325,-73.90605790000001
1068,Central Harlem North,40.8142585,-73.9426617
1069,Central Park,40.782864700000005,-73.9653551
1070,Clinton East,38.7651145,-76.8983059
1071,Clinton Hill,40.6893665,-73.9639021
1072,Clinton West,41.487875,-81.71094699999999
1073,Co-Op City,40.8738889,-73.8294444
1074,Crown Heights North,35.512170000000005,-97.52914
1075,Crown Heights South,40.6681032,-73.94479940000001
1076,East Chelsea,42.3180919,-84.02050290000001
1077,East Flatbush/Remsen Village,40.6468201,-73.9133089
1078,East New York/Pennsylvania Avenue,40.6560923,-73.8886753
1079,East Village,40.7264773,-73.9815337
1080,East Williamsburg,40.715876200000004,-73.9330429
1081,Elmhurst,41.8994744,-87.9403418
1082,Elmhurst/Maspeth,40.737975,-73.8801301
1083,Financial District North,37.796667600000006,-122.40557709999999
1084,Flatbush/Ditmas Park,40.6409217,-73.96243270000001
1085,Flatiron,40.741060499999996,-73.9896986
1086,Flatlands,40.6268432,-73.9330429
1087,Flushing,40.767498700000004,-73.833079
1088,Garment District,42.3658911,-71.09293659999999
1089,Gramercy,40.7367783,-73.98447220000001
1090,Greenpoint,40.7245448,-73.9418603
1091,Greenwich Village North,40.7335719,-74.0027418
1092,Greenwich Village South,40.7335719,-74.0027418
1093,Hamilton Heights,40.8259597,-73.9496079
1094,Highbridge,40.8384699,-73.92716440000001
1095,Hillcrest/Pomonok,40.721283,-73.805584
1096,Homecrest,46.431465,-95.131433
1097,JFK Airport,40.6413111,-73.77813909999999
1098,Kew Gardens Hills,40.73849860000001,-73.81068540000001
1099,Kingsbridge Heights,40.872321899999996,-73.9006916
1100,Kips Bay,40.7423292,-73.9800645
1101,LaGuardia Airport,40.7769271,-73.87396590000002
1102,Lenox Hill East,40.7662315,-73.96023120000001
1103,Little Italy/NoLiTa,40.7205544,-73.996656
1104,Lower East Side,40.715033,-73.98427240000001
1105,Manhattan Valley,40.796989,-73.969707
1106,Marine Park/Mill Basin,40.6188928,-73.9246109
1107,Meatpacking/West Village West,40.7409865,-74.0076108
1108,Midtown Center,42.7835541,-86.1113196
1109,Midtown East,40.7540369,-73.9668408
1110,Midtown North,40.7649516,-73.98510390000001
1111,Midtown South,40.753823100000005,-73.9950023
1112,Mott Haven/Port Morris,40.809106799999995,-73.9228881
1113,Mount Hope,40.622934,-81.78613299999999
1114,Murray Hill,40.7478792,-73.9756567
1115,Park Slope,40.6681038,-73.9805817
1116,Penn Station/Madison Sq West,40.7483605,-73.9907657
1117,Prospect Heights,40.6774196,-73.9668408
1118,Queens Village,40.7156628,-73.7419017
1119,Rego Park,40.7255722,-73.8624893
1120,Richmond Hill,40.6958108,-73.8272029
1121,SoHo,40.723301,-74.0029883
1122,Soundview/Castle Hill,40.8271028,-73.84989250000001
1123,South Jamaica,40.680859399999996,-73.7919103
1124,Steinway,40.780043799999994,-73.8996985
1125,Stuyvesant Heights,42.3880474,-73.775696
1126,Sunset Park West,40.645532,-74.01238509999999
1127,Sutton Place/Turtle Bay North,40.757105700000004,-73.96711020000001
1128,Times Sq/Theatre District,40.759011,-73.98447220000001
1129,TriBeCa/Civic Center,40.716364899999995,-74.0123498
1130,Union Sq,40.7358633,-73.9910835
1131,Upper East Side South,40.7735649,-73.9565551
1132,Upper West Side South,40.7870106,-73.9753676
1133,West Chelsea/Hudson Yards,40.752559000000005,-74.002736
1134,West Village,40.735781,-74.0035709
1135,Williamsburg (North Side),40.7162857,-73.95838979999999
1136,Williamsburg (South Side),40.71305,-73.957037
1137,Windsor Terrace,40.6539346,-73.9756567
1138,Woodhaven,42.1389839,-83.2417994
1139,Astoria,40.764357399999994,-73.9234619
1140,Bloomingdale,41.957528499999995,-88.0809036
1141,Central Harlem,48.5351455,-108.79122179999999
1142,Clinton East,38.7651145,-76.8983059
1143,College Point,40.786395,-73.8389657
1144,Crotona Park East,40.836637700000004,-73.89223879999999
1145,Downtown Brooklyn/MetroTech,40.6931322,-73.986496
1146,East Flatbush/Remsen Village,40.6468201,-73.9133089
1147,East Village,40.7264773,-73.9815337
1148,Financial District North,37.796667600000006,-122.40557709999999
1149,Fort Greene,40.6920638,-73.9741874
1150,Garment District,42.3658911,-71.09293659999999
1151,Greenwich Village South,40.7335719,-74.0027418
1152,Hamilton Heights,40.8259597,-73.9496079
1153,Jamaica,18.109581,-77.297508
1154,JFK Airport,40.6413111,-73.77813909999999
1155,Kew Gardens Hills,40.73849860000001,-73.81068540000001
1156,Meatpacking/West Village West,40.7409865,-74.0076108
1157,Midtown Center,42.7835541,-86.1113196
1158,Midtown North,40.7649516,-73.98510390000001
1159,Morrisania/Melrose,40.824545,-73.9104143
1160,Murray Hill,40.7478792,-73.9756567
1161,Murray Hill-Queens,40.7665245,-73.8036752
1162,SoHo,40.723301,-74.0029883
1163,Spuyten Duyvil/Kingsbridge,40.87941970000001,-73.9074286
1164,TriBeCa/Civic Center,40.716364899999995,-74.0123498
1165,Union Sq,40.7358633,-73.9910835
1166,University Heights/Morris Heights,40.8523957,-73.9135172
1167,Upper West Side North,40.7870106,-73.9753676
1168,Upper West Side South,40.7870106,-73.9753676
1169,Van Cortlandt Village,40.8979346,-73.88595140000001
1170,Van Nest/Morris Park,40.845044,-73.8598069
1171,Washington Heights South,40.84170820000001,-73.9393554
1172,Allerton/Pelham Gardens,40.8651604,-73.84267309999998
1173,Astoria,40.764357399999994,-73.9234619
1174,Bedford,42.4906231,-71.27600890000001
1175,Bushwick South,40.6944282,-73.9212858
1176,Clinton East,38.7651145,-76.8983059
1177,Clinton West,41.487875,-81.71094699999999
1178,Downtown Brooklyn/MetroTech,40.6931322,-73.986496
1179,East Harlem North,40.7957399,-73.9389213
1180,East Village,40.7264773,-73.9815337
1181,East Williamsburg,40.715876200000004,-73.9330429
1182,Financial District North,37.796667600000006,-122.40557709999999
1183,Fresh Meadows,40.7335179,-73.78014470000001
1184,Greenwich Village North,40.7335719,-74.0027418
1185,LaGuardia Airport,40.7769271,-73.87396590000002
1186,Lower East Side,40.715033,-73.98427240000001
1187,Midtown Center,42.7835541,-86.1113196
1188,Midtown South,40.753823100000005,-73.9950023
1189,Morningside Heights,40.8089564,-73.96243270000001
1190,Ocean Hill,33.1600272,-117.2644629
1191,Park Slope,40.6681038,-73.9805817
1192,Pelham Parkway,40.8553279,-73.8639594
1193,Penn Station/Madison Sq West,40.7483605,-73.9907657
1194,Seaport,37.9378182,-121.3141291
1195,Stuyvesant Heights,42.3880474,-73.775696
1196,Sunnyside,36.732844,-119.7170466
1197,Times Sq/Theatre District,40.759011,-73.98447220000001
1198,TriBeCa/Civic Center,40.716364899999995,-74.0123498
1199,Upper West Side North,40.7870106,-73.9753676
1200,Van Nest/Morris Park,40.845044,-73.8598069
1201,West Concourse,28.4246526,-81.4695163
1202,Williamsbridge/Olinville,40.8774767,-73.8664402
1203,Williamsburg (North Side),40.7162857,-73.95838979999999
1204,Alphabet City,40.725842799999995,-73.9774916
1205,Brooklyn Heights,40.6960105,-73.9932872
1206,Brownsville,25.9017472,-97.4974838
1207,Bushwick South,40.6944282,-73.9212858
1208,Central Harlem North,40.8142585,-73.9426617
1209,Crown Heights North,35.512170000000005,-97.52914
1210,Crown Heights South,40.6681032,-73.94479940000001
1211,Cypress Hills,40.683611799999994,-73.8801301
1212,East Village,40.7264773,-73.9815337
1213,Erasmus,35.8870112,-85.18496409999999
1214,Financial District North,37.796667600000006,-122.40557709999999
1215,Flatiron,40.741060499999996,-73.9896986
1216,Forest Hills,40.718106,-73.84484690000001
1217,Fort Greene,40.6920638,-73.9741874
1218,Homecrest,46.431465,-95.131433
1219,Lower East Side,40.715033,-73.98427240000001
1220,Melrose South,-32.8087635,138.1893045
1221,Midtown Center,42.7835541,-86.1113196
1222,Midtown East,40.7540369,-73.9668408
1223,Ocean Hill,33.1600272,-117.2644629
1224,Park Slope,40.6681038,-73.9805817
1225,Prospect-Lefferts Gardens,40.6590448,-73.9506774
1226,Springfield Gardens South,40.6626441,-73.7683784
1227,Spuyten Duyvil/Kingsbridge,40.87941970000001,-73.9074286
1228,Stuyvesant Heights,42.3880474,-73.775696
1229,Sunnyside,36.732844,-119.7170466
1230,TriBeCa/Civic Center,40.716364899999995,-74.0123498
1231,Two Bridges/Seward Park,40.7157874,-73.98920109999999
1232,West Chelsea/Hudson Yards,40.752559000000005,-74.002736
1233,Astoria,40.764357399999994,-73.9234619
1234,Battery Park City,40.7115786,-74.0158441
1235,Bushwick South,40.6944282,-73.9212858
1236,Central Harlem North,40.8142585,-73.9426617
1237,East Village,40.7264773,-73.9815337
1238,East Williamsburg,40.715876200000004,-73.9330429
1239,Elmhurst,41.8994744,-87.9403418
1240,Erasmus,35.8870112,-85.18496409999999
1241,Greenpoint,40.7245448,-73.9418603
1242,Greenwich Village South,40.7335719,-74.0027418
1243,Hudson Sq,40.726583399999996,-74.00747309999998
1244,Lincoln Square East,41.9257597,-87.6549782
1245,Little Italy/NoLiTa,40.7205544,-73.996656
1246,Lower East Side,40.715033,-73.98427240000001
1247,Meatpacking/West Village West,40.7409865,-74.0076108
1248,Middle Village,40.717372,-73.87425
1249,Midtown East,40.7540369,-73.9668408
1250,Midtown South,40.753823100000005,-73.9950023
1251,Morningside Heights,40.8089564,-73.96243270000001
1252,Morrisania/Melrose,40.824545,-73.9104143
1253,North Corona,40.7502698,-73.8624893
1254,Sutton Place/Turtle Bay North,40.757105700000004,-73.96711020000001
1255,Union Sq,40.7358633,-73.9910835
1256,Upper West Side North,40.7870106,-73.9753676
1257,Upper West Side South,40.7870106,-73.9753676
1258,Washington Heights South,40.84170820000001,-73.9393554
1259,Whitestone,40.79204489999999,-73.8095574
1260,Alphabet City,40.725842799999995,-73.9774916
1261,Bedford,42.4906231,-71.27600890000001
1262,Brooklyn Navy Yard,40.7020737,-73.9708292
1263,Canarsie,40.6402325,-73.90605790000001
1264,Clinton East,38.7651145,-76.8983059
1265,Corona,33.8752935,-117.56643840000001
1266,East Chelsea,42.3180919,-84.02050290000001
1267,East Harlem North,40.7957399,-73.9389213
1268,Elmhurst,41.8994744,-87.9403418
1269,Financial District North,37.796667600000006,-122.40557709999999
1270,Hamilton Heights,40.8259597,-73.9496079
1271,Jamaica,18.109581,-77.297508
1272,JFK Airport,40.6413111,-73.77813909999999
1273,Kew Gardens Hills,40.73849860000001,-73.81068540000001
1274,Lincoln Square East,41.9257597,-87.6549782
1275,Little Italy/NoLiTa,40.7205544,-73.996656
1276,Long Island City/Hunters Point,40.7480338,-73.9506774
1277,Midtown Center,42.7835541,-86.1113196
1278,Midtown East,40.7540369,-73.9668408
1279,Midtown North,40.7649516,-73.98510390000001
1280,Midtown South,40.753823100000005,-73.9950023
1281,Stuyvesant Heights,42.3880474,-73.775696
1282,Sunset Park West,40.645532,-74.01238509999999
1283,Times Sq/Theatre District,40.759011,-73.98447220000001
1284,TriBeCa/Civic Center,40.716364899999995,-74.0123498
1285,UN/Turtle Bay South,40.7488758,-73.96800909999999
1286,Union Sq,40.7358633,-73.9910835
1287,Upper East Side South,40.7735649,-73.9565551
1288,Washington Heights North,40.84170820000001,-73.9393554
1289,West Chelsea/Hudson Yards,40.752559000000005,-74.002736
1290,West Village,40.735781,-74.0035709
1291,Astoria,40.764357399999994,-73.9234619
1292,Bensonhurst East,40.6112691,-73.9976946
1293,Bloomingdale,41.957528499999995,-88.0809036
1294,Borough Park,40.6323009,-73.9888797
1295,Brownsville,25.9017472,-97.4974838
1296,Bushwick South,40.6944282,-73.9212858
1297,Clinton East,38.7651145,-76.8983059
1298,Clinton West,41.487875,-81.71094699999999
1299,Downtown Brooklyn/MetroTech,40.6931322,-73.986496
1300,East Flatbush/Remsen Village,40.6468201,-73.9133089
1301,East Harlem South,40.7957399,-73.9389213
1302,East New York,40.656831200000006,-73.88307009999998
1303,Eastchester,40.959560499999995,-73.8095574
1304,Flatbush/Ditmas Park,40.6409217,-73.96243270000001
1305,Flatiron,40.741060499999996,-73.9896986
1306,Greenwich Village South,40.7335719,-74.0027418
1307,Hamilton Heights,40.8259597,-73.9496079
1308,Homecrest,46.431465,-95.131433
1309,Inwood,40.867714500000005,-73.92120190000001
1310,Jamaica,18.109581,-77.297508
1311,JFK Airport,40.6413111,-73.77813909999999
1312,Kingsbridge Heights,40.872321899999996,-73.9006916
1313,Lincoln Square East,41.9257597,-87.6549782
1314,Little Italy/NoLiTa,40.7205544,-73.996656
1315,Lower East Side,40.715033,-73.98427240000001
1316,Meatpacking/West Village West,40.7409865,-74.0076108
1317,Middle Village,40.717372,-73.87425
1318,Midtown East,40.7540369,-73.9668408
1319,Old Astoria,46.1519015,-123.8579416
1320,Riverdale/North Riverdale/Fieldston,40.898057,-73.90140179999999
1321,South Jamaica,40.680859399999996,-73.7919103
1322,Times Sq/Theatre District,40.759011,-73.98447220000001
1323,TriBeCa/Civic Center,40.716364899999995,-74.0123498
1324,Two Bridges/Seward Park,40.7157874,-73.98920109999999
1325,Upper West Side South,40.7870106,-73.9753676
1326,Washington Heights North,40.84170820000001,-73.9393554
1327,Washington Heights South,40.84170820000001,-73.9393554
1328,Brooklyn Heights,40.6960105,-73.9932872
1329,Brownsville,25.9017472,-97.4974838
1330,Bushwick North,40.6944282,-73.9212858
1331,Cambria Heights,40.692158,-73.7330753
1332,Central Harlem North,40.8142585,-73.9426617
1333,Clinton Hill,40.6893665,-73.9639021
1334,Downtown Brooklyn/MetroTech,40.6931322,-73.986496
1335,East Chelsea,42.3180919,-84.02050290000001
1336,East New York,40.656831200000006,-73.88307009999998
1337,East Village,40.7264773,-73.9815337
1338,Financial District North,37.796667600000006,-122.40557709999999
1339,Financial District South,37.7911452,-122.39494679999999
1340,Flatbush/Ditmas Park,40.6409217,-73.96243270000001
1341,Fort Greene,40.6920638,-73.9741874
1342,Greenwich Village North,40.7335719,-74.0027418
1343,Greenwich Village South,40.7335719,-74.0027418
1344,Heartland Village/Todt Hill,40.58076629999999,-74.1680347
1345,Jackson Heights,40.7556818,-73.88307009999998
1346,JFK Airport,40.6413111,-73.77813909999999
1347,Lincoln Square East,41.9257597,-87.6549782
1348,Little Italy/NoLiTa,40.7205544,-73.996656
1349,Lower East Side,40.715033,-73.98427240000001
1350,Madison,43.07305170000001,-89.4012302
1351,Midtown Center,42.7835541,-86.1113196
1352,Midtown East,40.7540369,-73.9668408
1353,Midtown North,40.7649516,-73.98510390000001
1354,Morningside Heights,40.8089564,-73.96243270000001
1355,Park Slope,40.6681038,-73.9805817
1356,Prospect Heights,40.6774196,-73.9668408
1357,Riverdale/North Riverdale/Fieldston,40.898057,-73.90140179999999
1358,Roosevelt Island,40.7605031,-73.9509934
1359,Sheepshead Bay,40.5975847,-73.9536163
1360,South Williamsburg,40.70856920000001,-73.9701967
1361,Springfield Gardens North,40.6626441,-73.7683784
1362,Springfield Gardens South,40.6626441,-73.7683784
1363,Union Sq,40.7358633,-73.9910835
1364,Williamsburg (North Side),40.7162857,-73.95838979999999
1365,Williamsburg (South Side),40.71305,-73.957037
1366,World Trade Center,40.712743100000004,-74.0133795
1367,Battery Park City,40.7115786,-74.0158441
1368,Bloomingdale,41.957528499999995,-88.0809036
1369,Bushwick North,40.6944282,-73.9212858
1370,Central Harlem,48.5351455,-108.79122179999999
1371,Clinton East,38.7651145,-76.8983059
1372,Crown Heights North,35.512170000000005,-97.52914
1373,East Village,40.7264773,-73.9815337
1374,Flatbush/Ditmas Park,40.6409217,-73.96243270000001
1375,Greenwich Village North,40.7335719,-74.0027418
1376,Kips Bay,40.7423292,-73.9800645
1377,Little Italy/NoLiTa,40.7205544,-73.996656
1378,Long Island City/Hunters Point,40.7480338,-73.9506774
1379,Lower East Side,40.715033,-73.98427240000001
1380,Midtown Center,42.7835541,-86.1113196
1381,Midtown East,40.7540369,-73.9668408
1382,Midtown North,40.7649516,-73.98510390000001
1383,Murray Hill,40.7478792,-73.9756567
1384,Ocean Hill,33.1600272,-117.2644629
1385,Penn Station/Madison Sq West,40.7483605,-73.9907657
1386,Stuyvesant Heights,42.3880474,-73.775696
1387,Sunnyside,36.732844,-119.7170466
1388,Times Sq/Theatre District,40.759011,-73.98447220000001
1389,Union Sq,40.7358633,-73.9910835
1390,Upper East Side South,40.7735649,-73.9565551
1391,Washington Heights South,40.84170820000001,-73.9393554
1392,Williamsburg (North Side),40.7162857,-73.95838979999999
1393,Williamsburg (South Side),40.71305,-73.957037
1394,Battery Park City,40.7115786,-74.0158441
1395,Borough Park,40.6323009,-73.9888797
1396,Canarsie,40.6402325,-73.90605790000001
1397,Central Harlem,48.5351455,-108.79122179999999
1398,Chinatown,37.794137799999994,-122.40779140000001
1399,Clinton East,38.7651145,-76.8983059
1400,Clinton Hill,40.6893665,-73.9639021
1401,Coney Island,40.5755438,-73.9707016
1402,Crown Heights North,35.512170000000005,-97.52914
1403,DUMBO/Vinegar Hill,40.702754999999996,-73.98128840000001
1404,East Village,40.7264773,-73.9815337
1405,East Williamsburg,40.715876200000004,-73.9330429
1406,Fort Greene,40.6920638,-73.9741874
1407,Great Kills,40.5543273,-74.15629200000001
1408,Greenpoint,40.7245448,-73.9418603
1409,Greenwich Village South,40.7335719,-74.0027418
1410,Hamilton Heights,40.8259597,-73.9496079
1411,Hudson Sq,40.726583399999996,-74.00747309999998
1412,JFK Airport,40.6413111,-73.77813909999999
1413,Lincoln Square East,41.9257597,-87.6549782
1414,Lincoln Square West,40.7733055,-73.98145840000001
1415,Little Italy/NoLiTa,40.7205544,-73.996656
1416,Lower East Side,40.715033,-73.98427240000001
1417,Manhattan Beach,33.884736100000005,-118.41090890000001
1418,Midtown Center,42.7835541,-86.1113196
1419,Midtown East,40.7540369,-73.9668408
1420,Midtown North,40.7649516,-73.98510390000001
1421,Midtown South,40.753823100000005,-73.9950023
1422,Murray Hill,40.7478792,-73.9756567
1423,Ocean Hill,33.1600272,-117.2644629
1424,Prospect-Lefferts Gardens,40.6590448,-73.9506774
1425,Sheepshead Bay,40.5975847,-73.9536163
1426,SoHo,40.723301,-74.0029883
1427,South Jamaica,40.680859399999996,-73.7919103
1428,Sunset Park West,40.645532,-74.01238509999999
1429,Times Sq/Theatre District,40.759011,-73.98447220000001
1430,Upper East Side North,40.7735649,-73.9565551
1431,Washington Heights North,40.84170820000001,-73.9393554
1432,Westerleigh,40.621215,-74.13180940000001
1433,Williamsburg (North Side),40.7162857,-73.95838979999999
1434,Alphabet City,40.725842799999995,-73.9774916
1435,Battery Park City,40.7115786,-74.0158441
1436,Bedford,42.4906231,-71.27600890000001
1437,Bloomingdale,41.957528499999995,-88.0809036
1438,Boerum Hill,40.6848689,-73.98447220000001
1439,Briarwood/Jamaica Hills,40.714341,-73.802722
1440,Bushwick North,40.6944282,-73.9212858
1441,Bushwick South,40.6944282,-73.9212858
1442,Canarsie,40.6402325,-73.90605790000001
1443,Central Harlem,48.5351455,-108.79122179999999
1444,Clinton East,38.7651145,-76.8983059
1445,Clinton West,41.487875,-81.71094699999999
1446,Crown Heights North,35.512170000000005,-97.52914
1447,Crown Heights South,40.6681032,-73.94479940000001
1448,DUMBO/Vinegar Hill,40.702754999999996,-73.98128840000001
1449,East Chelsea,42.3180919,-84.02050290000001
1450,East Concourse/Concourse Village,40.8461819,-73.9095033
1451,East Harlem North,40.7957399,-73.9389213
1452,East New York/Pennsylvania Avenue,40.6560923,-73.8886753
1453,East Village,40.7264773,-73.9815337
1454,Financial District North,37.796667600000006,-122.40557709999999
1455,Flatiron,40.741060499999996,-73.9896986
1456,Flatlands,40.6268432,-73.9330429
1457,Flushing,40.767498700000004,-73.833079
1458,Forest Hills,40.718106,-73.84484690000001
1459,Glendale,34.1425078,-118.255075
1460,Greenwich Village North,40.7335719,-74.0027418
1461,Greenwich Village South,40.7335719,-74.0027418
1462,Hamilton Heights,40.8259597,-73.9496079
1463,Jamaica Estates,40.7178539,-73.77426159999999
1464,Little Italy/NoLiTa,40.7205544,-73.996656
1465,Long Island City/Hunters Point,40.7480338,-73.9506774
1466,Lower East Side,40.715033,-73.98427240000001
1467,Meatpacking/West Village West,40.7409865,-74.0076108
1468,Midtown Center,42.7835541,-86.1113196
1469,Midtown East,40.7540369,-73.9668408
1470,Midtown North,40.7649516,-73.98510390000001
1471,Midtown South,40.753823100000005,-73.9950023
1472,Midwood,40.619062899999996,-73.9653715
1473,Mount Hope,40.622934,-81.78613299999999
1474,Murray Hill,40.7478792,-73.9756567
1475,Ocean Hill,33.1600272,-117.2644629
1476,Ocean Parkway South,40.6130974,-73.9686455
1477,Queensboro Hill,40.767498700000004,-73.833079
1478,SoHo,40.723301,-74.0029883
1479,South Ozone Park,40.6764003,-73.81249840000001
1480,Sutton Place/Turtle Bay North,40.757105700000004,-73.96711020000001
1481,Times Sq/Theatre District,40.759011,-73.98447220000001
1482,TriBeCa/Civic Center,40.716364899999995,-74.0123498
1483,Two Bridges/Seward Park,40.7157874,-73.98920109999999
1484,UN/Turtle Bay South,40.7488758,-73.96800909999999
1485,Union Sq,40.7358633,-73.9910835
1486,Upper East Side North,40.7735649,-73.9565551
1487,Upper East Side South,40.7735649,-73.9565551
1488,Washington Heights North,40.84170820000001,-73.9393554
1489,West Chelsea/Hudson Yards,40.752559000000005,-74.002736
1490,West Village,40.735781,-74.0035709
1491,Williamsburg (North Side),40.7162857,-73.95838979999999
1492,Williamsburg (South Side),40.71305,-73.957037
1493,Windsor Terrace,40.6539346,-73.9756567
1494,Arden Heights,40.5567951,-74.1739057
1495,Astoria,40.764357399999994,-73.9234619
1496,Bay Ridge,40.6261638,-74.0329499
1497,Bedford,42.4906231,-71.27600890000001
1498,Bedford Park,41.7641723,-87.78125240000001
1499,Bensonhurst East,40.6112691,-73.9976946
1500,Bloomingdale,41.957528499999995,-88.0809036
1501,Brownsville,25.9017472,-97.4974838
1502,Bushwick North,40.6944282,-73.9212858
1503,Bushwick South,40.6944282,-73.9212858
1504,Canarsie,40.6402325,-73.90605790000001
1505,Central Harlem,48.5351455,-108.79122179999999
1506,Central Harlem North,40.8142585,-73.9426617
1507,Clinton East,38.7651145,-76.8983059
1508,Clinton West,41.487875,-81.71094699999999
1509,Co-Op City,40.8738889,-73.8294444
1510,Crown Heights North,35.512170000000005,-97.52914
1511,Crown Heights South,40.6681032,-73.94479940000001
1512,Cypress Hills,40.683611799999994,-73.8801301
1513,Downtown Brooklyn/MetroTech,40.6931322,-73.986496
1514,East Chelsea,42.3180919,-84.02050290000001
1515,East Concourse/Concourse Village,40.8461819,-73.9095033
1516,East Elmhurst,40.7737505,-73.8713099
1517,East Flatbush/Farragut,40.638525099999995,-73.9260253
1518,East Flatbush/Remsen Village,40.6468201,-73.9133089
1519,East Harlem North,40.7957399,-73.9389213
1520,East New York,40.656831200000006,-73.88307009999998
1521,East New York/Pennsylvania Avenue,40.6560923,-73.8886753
1522,East Tremont,40.845378100000005,-73.8909693
1523,East Village,40.7264773,-73.9815337
1524,East Williamsburg,40.715876200000004,-73.9330429
1525,Elmhurst,41.8994744,-87.9403418
1526,Erasmus,35.8870112,-85.18496409999999
1527,Financial District North,37.796667600000006,-122.40557709999999
1528,Financial District South,37.7911452,-122.39494679999999
1529,Flatbush/Ditmas Park,40.6409217,-73.96243270000001
1530,Flatiron,40.741060499999996,-73.9896986
1531,Flatlands,40.6268432,-73.9330429
1532,Forest Hills,40.718106,-73.84484690000001
1533,Fort Greene,40.6920638,-73.9741874
1534,Fresh Meadows,40.7335179,-73.78014470000001
1535,Garment District,42.3658911,-71.09293659999999
1536,Gowanus,40.6733364,-73.9903489
1537,Gramercy,40.7367783,-73.98447220000001
1538,Greenpoint,40.7245448,-73.9418603
1539,Greenwich Village North,40.7335719,-74.0027418
1540,Greenwich Village South,40.7335719,-74.0027418
1541,Hamilton Heights,40.8259597,-73.9496079
1542,Highbridge,40.8384699,-73.92716440000001
1543,Homecrest,46.431465,-95.131433
1544,JFK Airport,40.6413111,-73.77813909999999
1545,Kew Gardens Hills,40.73849860000001,-73.81068540000001
1546,Kips Bay,40.7423292,-73.9800645
1547,LaGuardia Airport,40.7769271,-73.87396590000002
1548,Lenox Hill West,40.7662315,-73.96023120000001
1549,Lincoln Square East,41.9257597,-87.6549782
1550,Little Italy/NoLiTa,40.7205544,-73.996656
1551,Long Island City/Queens Plaza,40.7513473,-73.9410795
1552,Lower East Side,40.715033,-73.98427240000001
1553,Madison,43.07305170000001,-89.4012302
1554,Manhattan Beach,33.884736100000005,-118.41090890000001
1555,Manhattan Valley,40.796989,-73.969707
1556,Marine Park/Mill Basin,40.6188928,-73.9246109
1557,Meatpacking/West Village West,40.7409865,-74.0076108
1558,Melrose South,-32.8087635,138.1893045
1559,Middle Village,40.717372,-73.87425
1560,Midtown Center,42.7835541,-86.1113196
1561,Midtown East,40.7540369,-73.9668408
1562,Midtown North,40.7649516,-73.98510390000001
1563,Midtown South,40.753823100000005,-73.9950023
1564,Midwood,40.619062899999996,-73.9653715
1565,Morningside Heights,40.8089564,-73.96243270000001
1566,Murray Hill,40.7478792,-73.9756567
1567,Norwood,42.1943909,-71.19896949999999
1568,Ozone Park,40.67940720000001,-73.85072790000001
1569,Park Slope,40.6681038,-73.9805817
1570,Pelham Parkway,40.8553279,-73.8639594
1571,Penn Station/Madison Sq West,40.7483605,-73.9907657
1572,Prospect-Lefferts Gardens,40.6590448,-73.9506774
1573,Prospect Heights,40.6774196,-73.9668408
1574,Red Hook,40.677280200000006,-74.00944709999999
1575,Rego Park,40.7255722,-73.8624893
1576,Richmond Hill,40.6958108,-73.8272029
1577,Ridgewood,40.9792645,-74.11653129999999
1578,Roosevelt Island,40.7605031,-73.9509934
1579,Seaport,37.9378182,-121.3141291
1580,Sheepshead Bay,40.5975847,-73.9536163
1581,SoHo,40.723301,-74.0029883
1582,Soundview/Bruckner,40.8240844,-73.8762153
1583,Spuyten Duyvil/Kingsbridge,40.87941970000001,-73.9074286
1584,Stuy Town/Peter Cooper Village,40.7316903,-73.97784940000001
1585,Stuyvesant Heights,42.3880474,-73.775696
1586,Sunnyside,36.732844,-119.7170466
1587,Sunset Park West,40.645532,-74.01238509999999
1588,Times Sq/Theatre District,40.759011,-73.98447220000001
1589,TriBeCa/Civic Center,40.716364899999995,-74.0123498
1590,UN/Turtle Bay South,40.7488758,-73.96800909999999
1591,Union Sq,40.7358633,-73.9910835
1592,Van Nest/Morris Park,40.845044,-73.8598069
1593,Washington Heights North,40.84170820000001,-73.9393554
1594,West Brighton,40.627029799999995,-74.10931409999999
1595,West Chelsea/Hudson Yards,40.752559000000005,-74.002736
1596,West Concourse,28.4246526,-81.4695163
1597,West Village,40.735781,-74.0035709
1598,Williamsbridge/Olinville,40.8774767,-73.8664402
1599,Williamsburg (North Side),40.7162857,-73.95838979999999
1600,Williamsburg (South Side),40.71305,-73.957037
1601,Windsor Terrace,40.6539346,-73.9756567
1602,Woodhaven,42.1389839,-83.2417994
1603,Woodside,40.7512123,-73.9036487
1604,Yorkville East,40.770203,-73.95072990000001
1605,Yorkville West,41.641140899999996,-88.4472948
1606,Astoria,40.764357399999994,-73.9234619
1607,Bedford,42.4906231,-71.27600890000001
1608,Bushwick North,40.6944282,-73.9212858
1609,Bushwick South,40.6944282,-73.9212858
1610,Central Harlem North,40.8142585,-73.9426617
1611,Clinton Hill,40.6893665,-73.9639021
1612,Downtown Brooklyn/MetroTech,40.6931322,-73.986496
1613,East Chelsea,42.3180919,-84.02050290000001
1614,East Concourse/Concourse Village,40.8461819,-73.9095033
1615,East Flatbush/Remsen Village,40.6468201,-73.9133089
1616,East Harlem South,40.7957399,-73.9389213
1617,East Village,40.7264773,-73.9815337
1618,East Williamsburg,40.715876200000004,-73.9330429
1619,Flushing,40.767498700000004,-73.833079
1620,Jackson Heights,40.7556818,-73.88307009999998
1621,Jamaica Estates,40.7178539,-73.77426159999999
1622,Kew Gardens Hills,40.73849860000001,-73.81068540000001
1623,Kips Bay,40.7423292,-73.9800645
1624,Lincoln Square West,40.7733055,-73.98145840000001
1625,Lower East Side,40.715033,-73.98427240000001
1626,Manhattanville,40.816944299999996,-73.9558333
1627,Melrose South,-32.8087635,138.1893045
1628,Midtown East,40.7540369,-73.9668408
1629,Murray Hill-Queens,40.7665245,-73.8036752
1630,Old Astoria,46.1519015,-123.8579416
1631,Ridgewood,40.9792645,-74.11653129999999
1632,SoHo,40.723301,-74.0029883
1633,Steinway,40.780043799999994,-73.8996985
1634,Stuyvesant Heights,42.3880474,-73.775696
1635,Times Sq/Theatre District,40.759011,-73.98447220000001
1636,Union Sq,40.7358633,-73.9910835
1637,University Heights/Morris Heights,40.8523957,-73.9135172
1638,Upper East Side North,40.7735649,-73.9565551
1639,Upper West Side North,40.7870106,-73.9753676
1640,Van Cortlandt Village,40.8979346,-73.88595140000001
1641,Van Nest/Morris Park,40.845044,-73.8598069
1642,Washington Heights North,40.84170820000001,-73.9393554
1643,Washington Heights South,40.84170820000001,-73.9393554
1644,West Chelsea/Hudson Yards,40.752559000000005,-74.002736
1645,West Village,40.735781,-74.0035709
1646,Alphabet City,40.725842799999995,-73.9774916
1647,Bayside,43.1805645,-87.9006421
1648,Canarsie,40.6402325,-73.90605790000001
1649,Clinton East,38.7651145,-76.8983059
1650,East Chelsea,42.3180919,-84.02050290000001
1651,East Elmhurst,40.7737505,-73.8713099
1652,East Flatbush/Remsen Village,40.6468201,-73.9133089
1653,Financial District North,37.796667600000006,-122.40557709999999
1654,Flatiron,40.741060499999996,-73.9896986
1655,Gramercy,40.7367783,-73.98447220000001
1656,Hollis,42.7425166,-71.5895344
1657,Hudson Sq,40.726583399999996,-74.00747309999998
1658,Lower East Side,40.715033,-73.98427240000001
1659,Melrose South,-32.8087635,138.1893045
1660,Midtown East,40.7540369,-73.9668408
1661,Midtown South,40.753823100000005,-73.9950023
1662,Morningside Heights,40.8089564,-73.96243270000001
1663,Spuyten Duyvil/Kingsbridge,40.87941970000001,-73.9074286
1664,Stuyvesant Heights,42.3880474,-73.775696
1665,Two Bridges/Seward Park,40.7157874,-73.98920109999999
1666,University Heights/Morris Heights,40.8523957,-73.9135172
1667,West Chelsea/Hudson Yards,40.752559000000005,-74.002736
1668,West Village,40.735781,-74.0035709
1669,Williamsburg (South Side),40.71305,-73.957037
1670,Yorkville East,40.770203,-73.95072990000001
1671,Alphabet City,40.725842799999995,-73.9774916
1672,Astoria,40.764357399999994,-73.9234619
1673,Bedford,42.4906231,-71.27600890000001
1674,Boerum Hill,40.6848689,-73.98447220000001
1675,Brooklyn Heights,40.6960105,-73.9932872
1676,Bushwick South,40.6944282,-73.9212858
1677,Canarsie,40.6402325,-73.90605790000001
1678,Clinton East,38.7651145,-76.8983059
1679,Elmhurst/Maspeth,40.737975,-73.8801301
1680,Fort Greene,40.6920638,-73.9741874
1681,Greenpoint,40.7245448,-73.9418603
1682,Greenwich Village North,40.7335719,-74.0027418
1683,Inwood,40.867714500000005,-73.92120190000001
1684,Jackson Heights,40.7556818,-73.88307009999998
1685,Lincoln Square East,41.9257597,-87.6549782
1686,Long Island City/Hunters Point,40.7480338,-73.9506774
1687,Midtown Center,42.7835541,-86.1113196
1688,Midtown South,40.753823100000005,-73.9950023
1689,Pelham Parkway,40.8553279,-73.8639594
1690,Prospect-Lefferts Gardens,40.6590448,-73.9506774
1691,Prospect Heights,40.6774196,-73.9668408
1692,Riverdale/North Riverdale/Fieldston,40.898057,-73.90140179999999
1693,Sheepshead Bay,40.5975847,-73.9536163
1694,Spuyten Duyvil/Kingsbridge,40.87941970000001,-73.9074286
1695,Steinway,40.780043799999994,-73.8996985
1696,Stuyvesant Heights,42.3880474,-73.775696
1697,Sunnyside,36.732844,-119.7170466
1698,Times Sq/Theatre District,40.759011,-73.98447220000001
1699,Two Bridges/Seward Park,40.7157874,-73.98920109999999
1700,Washington Heights North,40.84170820000001,-73.9393554
1701,Washington Heights South,40.84170820000001,-73.9393554
1702,West Concourse,28.4246526,-81.4695163
1703,West Village,40.735781,-74.0035709
1704,Williamsburg (South Side),40.71305,-73.957037
1705,Woodlawn/Wakefield,40.895361,-73.862916
1706,Allerton/Pelham Gardens,40.8651604,-73.84267309999998
1707,Alphabet City,40.725842799999995,-73.9774916
1708,Baisley Park,40.6737751,-73.786025
1709,Battery Park City,40.7115786,-74.0158441
1710,Bedford,42.4906231,-71.27600890000001
1711,Bensonhurst East,40.6112691,-73.9976946
1712,Boerum Hill,40.6848689,-73.98447220000001
1713,Borough Park,40.6323009,-73.9888797
1714,Bronxdale,40.8506558,-73.86652409999999
1715,Bushwick North,40.6944282,-73.9212858
1716,Bushwick South,40.6944282,-73.9212858
1717,Canarsie,40.6402325,-73.90605790000001
1718,Central Harlem,48.5351455,-108.79122179999999
1719,Central Harlem North,40.8142585,-73.9426617
1720,Clinton East,38.7651145,-76.8983059
1721,Clinton West,41.487875,-81.71094699999999
1722,Cobble Hill,40.686536,-73.9962255
1723,Crotona Park East,40.836637700000004,-73.89223879999999
1724,Crown Heights North,35.512170000000005,-97.52914
1725,DUMBO/Vinegar Hill,40.702754999999996,-73.98128840000001
1726,East Chelsea,42.3180919,-84.02050290000001
1727,East Elmhurst,40.7737505,-73.8713099
1728,East New York,40.656831200000006,-73.88307009999998
1729,East New York/Pennsylvania Avenue,40.6560923,-73.8886753
1730,East Tremont,40.845378100000005,-73.8909693
1731,East Village,40.7264773,-73.9815337
1732,East Williamsburg,40.715876200000004,-73.9330429
1733,Elmhurst,41.8994744,-87.9403418
1734,Eltingville/Annadale/Prince's Bay,40.55208,-74.1659708
1735,Erasmus,35.8870112,-85.18496409999999
1736,Financial District North,37.796667600000006,-122.40557709999999
1737,Financial District South,37.7911452,-122.39494679999999
1738,Flatbush/Ditmas Park,40.6409217,-73.96243270000001
1739,Flatiron,40.741060499999996,-73.9896986
1740,Flushing,40.767498700000004,-73.833079
1741,Flushing Meadows-Corona Park,40.7397136,-73.840785
1742,Fort Greene,40.6920638,-73.9741874
1743,Garment District,42.3658911,-71.09293659999999
1744,Gramercy,40.7367783,-73.98447220000001
1745,Greenwich Village South,40.7335719,-74.0027418
1746,Hillcrest/Pomonok,40.721283,-73.805584
1747,Homecrest,46.431465,-95.131433
1748,Hudson Sq,40.726583399999996,-74.00747309999998
1749,Jamaica,18.109581,-77.297508
1750,JFK Airport,40.6413111,-73.77813909999999
1751,Kensington,39.025665100000005,-77.07636690000001
1752,Kew Gardens Hills,40.73849860000001,-73.81068540000001
1753,Kips Bay,40.7423292,-73.9800645
1754,Lenox Hill West,40.7662315,-73.96023120000001
1755,Lincoln Square East,41.9257597,-87.6549782
1756,Little Italy/NoLiTa,40.7205544,-73.996656
1757,Longwood,28.7030519,-81.3384011
1758,Lower East Side,40.715033,-73.98427240000001
1759,Madison,43.07305170000001,-89.4012302
1760,Maspeth,40.7294018,-73.9065883
1761,Meatpacking/West Village West,40.7409865,-74.0076108
1762,Midtown Center,42.7835541,-86.1113196
1763,Midtown East,40.7540369,-73.9668408
1764,Midtown North,40.7649516,-73.98510390000001
1765,Midtown South,40.753823100000005,-73.9950023
1766,Morningside Heights,40.8089564,-73.96243270000001
1767,Mott Haven/Port Morris,40.809106799999995,-73.9228881
1768,Mount Hope,40.622934,-81.78613299999999
1769,Murray Hill,40.7478792,-73.9756567
1770,Parkchester,40.83825220000001,-73.85660870000001
1771,Penn Station/Madison Sq West,40.7483605,-73.9907657
1772,Prospect-Lefferts Gardens,40.6590448,-73.9506774
1773,Prospect Heights,40.6774196,-73.9668408
1774,Red Hook,40.677280200000006,-74.00944709999999
1775,Schuylerville/Edgewater Park,40.8224661,-73.8110122
1776,Seaport,37.9378182,-121.3141291
1777,Sheepshead Bay,40.5975847,-73.9536163
1778,SoHo,40.723301,-74.0029883
1779,Soundview/Castle Hill,40.8271028,-73.84989250000001
1780,South Jamaica,40.680859399999996,-73.7919103
1781,South Williamsburg,40.70856920000001,-73.9701967
1782,Spuyten Duyvil/Kingsbridge,40.87941970000001,-73.9074286
1783,Stuy Town/Peter Cooper Village,40.7316903,-73.97784940000001
1784,Stuyvesant Heights,42.3880474,-73.775696
1785,Sunnyside,36.732844,-119.7170466
1786,Sunset Park West,40.645532,-74.01238509999999
1787,Sutton Place/Turtle Bay North,40.757105700000004,-73.96711020000001
1788,Times Sq/Theatre District,40.759011,-73.98447220000001
1789,TriBeCa/Civic Center,40.716364899999995,-74.0123498
1790,UN/Turtle Bay South,40.7488758,-73.96800909999999
1791,Union Sq,40.7358633,-73.9910835
1792,University Heights/Morris Heights,40.8523957,-73.9135172
1793,Upper West Side North,40.7870106,-73.9753676
1794,Upper West Side South,40.7870106,-73.9753676
1795,Washington Heights South,40.84170820000001,-73.9393554
1796,West Chelsea/Hudson Yards,40.752559000000005,-74.002736
1797,West Village,40.735781,-74.0035709
1798,Williamsburg (North Side),40.7162857,-73.95838979999999
1799,Williamsburg (South Side),40.71305,-73.957037
1800,Woodhaven,42.1389839,-83.2417994
1801,Woodlawn/Wakefield,40.895361,-73.862916
1802,Woodside,40.7512123,-73.9036487
1803,Yorkville West,41.641140899999996,-88.4472948
1804,Alphabet City,40.725842799999995,-73.9774916
1805,Astoria,40.764357399999994,-73.9234619
1806,Battery Park City,40.7115786,-74.0158441
1807,Bay Ridge,40.6261638,-74.0329499
1808,Bedford Park,41.7641723,-87.78125240000001
1809,Bellerose,40.72437070000001,-73.7154014
1810,Belmont,36.132898100000006,-86.7940699
1811,Bronxdale,40.8506558,-73.86652409999999
1812,Bushwick North,40.6944282,-73.9212858
1813,Clinton East,38.7651145,-76.8983059
1814,Crown Heights North,35.512170000000005,-97.52914
1815,East New York,40.656831200000006,-73.88307009999998
1816,East Village,40.7264773,-73.9815337
1817,East Williamsburg,40.715876200000004,-73.9330429
1818,Eastchester,40.959560499999995,-73.8095574
1819,Financial District South,37.7911452,-122.39494679999999
1820,Flatbush/Ditmas Park,40.6409217,-73.96243270000001
1821,Greenwich Village South,40.7335719,-74.0027418
1822,Highbridge,40.8384699,-73.92716440000001
1823,Inwood,40.867714500000005,-73.92120190000001
1824,Lenox Hill East,40.7662315,-73.96023120000001
1825,Lincoln Square East,41.9257597,-87.6549782
1826,Little Italy/NoLiTa,40.7205544,-73.996656
1827,Marble Hill,40.8761173,-73.9102628
1828,Melrose South,-32.8087635,138.1893045
1829,Midtown East,40.7540369,-73.9668408
1830,Midtown South,40.753823100000005,-73.9950023
1831,Ocean Hill,33.1600272,-117.2644629
1832,Park Slope,40.6681038,-73.9805817
1833,Parkchester,40.83825220000001,-73.85660870000001
1834,Prospect-Lefferts Gardens,40.6590448,-73.9506774
1835,Rego Park,40.7255722,-73.8624893
1836,South Ozone Park,40.6764003,-73.81249840000001
1837,Stuyvesant Heights,42.3880474,-73.775696
1838,Sunnyside,36.732844,-119.7170466
1839,Sutton Place/Turtle Bay North,40.757105700000004,-73.96711020000001
1840,Times Sq/Theatre District,40.759011,-73.98447220000001
1841,Union Sq,40.7358633,-73.9910835
1842,Upper West Side North,40.7870106,-73.9753676
1843,Upper West Side South,40.7870106,-73.9753676
1844,Washington Heights South,40.84170820000001,-73.9393554
1845,West Chelsea/Hudson Yards,40.752559000000005,-74.002736
1846,Williamsburg (North Side),40.7162857,-73.95838979999999
1847,Woodlawn/Wakefield,40.895361,-73.862916
